String,Ref. Ten. (lbs),Swing Speed,Material,Gauge Nominal (mm),Gauge Acutal (mm),Stretch at 40 lbs (%),Stretch at 51 lbs (%),Stretch at 62 lbs (%),Actual Pre-impact Tension (lbs),Dwell Time (ms),Deflection (mm),Tension Change (lbs),Peak Tension (lbs),Peak Perp. Force (lbs),Ave Perp. Force (lbs),Stiffness (lb/in),Static Loss lbs.,Stabilization Loss (lbs),Impact Loss (lbs).,Total Loss (lbs),Tension Loss (%),Energy Return (%),String/String COF,String/Ball COF,Spin Potential
Alien Black Diamond 16,51,Medium,Polyester,1.3,1.31,3,5.2,5.8,25.42,38.6,27.9,39.9,65.3,22.8,,207.5,8.4,16.9,0.33,25.6,50.5,88.5,0.1,0.453,4.5
Alpha Gut 2000 16,51,Medium,Nylon,1.33,NA,7.6,9.1,10,42.71,36.9,27.1,29.1,71.9,24.4,12.2,161.2,4.32,3.69,-0.02,7.9,15.7,96.4,0.161,0.506,3.1
Ashaway Liberty 16,51,Medium,Nylon,1.3,1.33,NA,NA,11.2,38.61,37,26.9,30.2,68.8,23.1,,169.7,7.19,4.92,0.09,12.1,24,95.5,0.094,0.434,4.6
Ashaway Dynamite Soft 17,51,Medium,Nylon/Zyex,1.25,1.21,8.5,9.1,12.7,36.76,38.9,28,24.5,61.3,21.4,,127.4,6.99,6.97,0.02,13.9,27.6,94.7,0.204,0.527,2.6
Ashaway MonoGut 16L,51,Medium,Polyester,1.27,1.28,1.8,3,4.2,27.45,37.6,27,41,68.4,23.2,,228,8.16,15.11,0.28,23.6,46.4,89.7,0.106,0.366,3.5
Ashaway MonoGut ZX 16,51,Medium,Nylon/Zyex,1.27,NA,7.9,13,17.9,27.36,41.4,29.8,24.9,52.3,19.5,,114.3,8.38,14.98,0.5,23.8,47,93.1,0.088,0.391,4.4
Ashaway Dynamite 17,51,Medium,Nylon/Zyex,1.25,1.26,5.5,7.6,9.7,35.72,38.8,27.9,25.8,61.5,21.4,,135.4,6.62,8.38,0.13,15.2,29.8,92.5,0.138,0.415,3
Ashaway MonoGut 17,51,Medium,Polyester,1.22,1.22,1.8,3.3,4.5,25.78,38.8,28,41,66.8,23.4,,212,8.56,16.38,0.27,25.1,49.7,88.9,0.097,0.378,3.9
Ashaway Dynamite Soft 18,51,Medium,Nylon/Zyex,1.15,1.18,8.5,10.6,13.6,36.78,39.4,28,22.3,59.1,20.7,,114.9,6.24,7.7,0.09,14.1,27.7,92.4,NA,NA,NA
Ashaway Synthetic Gut 16,51,Medium,Nylon,1.3,1.33,NA,NA,10.9,38.76,37,26.9,30.9,69.7,23.4,,173.2,7.36,4.6,0.04,11.9,23.7,95.1,0.097,0.446,4.6
Ashaway Dynamite WB 16,51,Medium,Nylon/Zyex,1.34,1.41,NA,NA,9.1,34.55,39.2,28.1,26.7,61.3,21.5,,137.2,6.17,10,0.17,16.3,32.2,92.9,0.142,0.466,3.3
Babolat FiberTour 16,51,Medium,Nylon,1.3,1.34,6.7,7.6,8.8,39.43,36.9,26.8,29.3,68.8,23.1,,165.7,7.01,4.28,0.05,11.2,22.3,95.8,0.123,0.387,3.1
Babolat Pro Hurricane 18,51,Medium,Polyester,1.2,NA,2.4,3,3.9,32.57,37.2,26.4,36.2,68.8,22.7,,210.9,5.69,12.46,0.31,18.5,36.4,91.4,0.12,0.393,3.3
Babolat Pro Hurricane Tour 16,51,Medium,Polyester,1.3,1.32,1.8,2.4,3.6,27.87,36.8,26.7,45,72.8,24.3,,256.6,8.93,13.92,0.22,23.2,45.5,90.1,0.077,0.396,5.1
Babolat Pro Hurricane 17,51,Medium,Polyester,1.25,1.25,2.4,3.6,4.5,30.1,37.5,27,38.1,68.1,23,,212,7.78,12.84,0.24,20.9,41.1,92,0.122,0.374,3.1
Babolat Pro Hurricane 16,51,Medium,Polyester,1.3,1.3,NA,NA,3.9,31.24,36.7,26.7,39.9,71.2,23.8,,226.9,7.85,11.63,0.24,19.6,38.9,92,NA,NA,NA
Babolat Duralast 16,51,Medium,Polyester,1.3,1.31,1.5,2.7,3.9,26.81,38,27.6,43,69.9,24.1,,230.3,8.14,15.77,0.39,24.3,47.9,89.3,NA,NA,NA
Babolat VS Natural Team Gut 17 (1.25),51,Medium,Gut,1.25,1.27,4.5,6.7,8.5,43.92,37.9,26.7,16.3,60.4,20.1,,93.2,4.9,1.9,0.35,7.1,14.1,97.4,0.147,NA,0
Babolat Xcel Premium 17,51,Medium,Nylon,1.25,1.27,7.3,8.5,9.4,40.95,37.2,26.2,26.7,67.5,22.1,,157.7,5.03,4.74,-0.02,9.7,19.2,95.8,0.12,NA,0
Babolat SG SpiralTek 16,51,Medium,Nylon,1.3,NA,8.2,9.1,10.3,43.84,36.7,27,28.9,72.8,24.6,12.7,160.6,4.1,2.78,0.29,7.1,14.1,95.1,0.09,0.37,4.1
Babolat Xcel 16,51,Medium,Nylon,1.3,1.32,7.3,8.5,9.4,41.52,36.9,26.2,27.3,68.8,22.5,,161.7,5.71,3.49,0.04,9.3,18.2,96.4,0.131,0.397,3
Babolat Duralast 17,51,Medium,Polyester,1.25,1.25,1.5,2.4,3.6,29.37,36.6,26,43.2,72.5,23.6,,258.9,7.5,13.85,0.26,21.6,42.6,88.9,NA,NA,NA
Babolat RPM Team 16 Black,51,Medium,Polyester,1.3,NA,1.5,2.4,3,39.87,33.6,24,43.4,83.3,25.1,,306.3,3.46,7.39,0.09,11,21.6,93.5,0.096,0.374,3.9
Babolat Addiction 17,51,Medium,Nylon,1.25,1.3,7.3,8.8,9.4,40.77,37.2,26.3,27.8,68.4,22.5,,162.3,5.89,4.06,0,9.9,19.6,95.8,0.141,0.363,2.6
Babolat RPM Dual 16,51,Medium,Polyester,1.3,NA,2.7,3.9,4.8,33.49,34,25.1,41,74.5,23.3,12.8,265.2,6.62,10.61,0.11,17.4,34.2,94.9,0.08,0.368,4.6
Babolat Pro Hurricane Tour 17,51,Medium,Polyester,1.25,1.29,1.5,3,3.9,28.44,37.1,26.3,42.3,70.8,23.2,,249.2,8,14.28,0.24,22.5,44.4,88,0.078,0.402,5.2
Babolat Super Fine Play 16,51,Medium,Nylon,1.3,1.34,NA,NA,8.8,40.13,36,26,33.1,73.2,23.8,,198.3,7.5,3.09,0.09,10.6,21,96.2,0.1,0.378,3.8
Babolat Ballistic Polymono 16,51,Medium,Polyester,1.3,1.3,1.8,3.2,3.3,27.78,37,27.1,45.4,73.2,24.8,,250.9,8.07,14.87,0.28,23.2,45.8,88,0.085,0.402,4.7
Babolat Addiction 16,51,Medium,Nylon,1.3,1.33,6.7,7.6,8.5,40.79,36.5,26,30,70.8,23,,180,5.51,4.42,-0.02,9.9,19.5,97.8,0.127,0.391,3.1
Babolat Attraction 16,51,Medium,Nylon/Polyurethane,1.3,1.32,NA,NA,9.4,40.79,36.7,26.2,28.9,69.7,22.7,,170.9,5.6,4.33,0,9.9,19.6,95.3,0.15,0.398,2.7
Babolat VS Natural ThermoGut 16 Touch,51,Medium,Gut,1.3,1.29,NA,NA,8.5,41.72,38.5,27.1,19.2,61.1,20.7,,106.3,5.93,3.07,0.2,9.3,18.1,97.4,0.124,0.34,2.7
Babolat Origin 17,51,Medium,Nylon,1.25,NA,4.5,5.5,6.4,42.27,36,26.1,31.5,73.9,24.1,12.5,187.5,3.53,4.92,0.02,8.4,16.7,97.4,0.066,0.425,6.4
Babolat Revenge 16,51,Medium,Polyester,1.3,NA,1.2,2.4,2.7,32.41,34.9,25.3,47.8,80.3,25.4,,304,6.62,11.69,0.31,18.5,36.7,90.4,NA,NA,NA
Babolat Hurricane Feel 16,51,Medium,Polyester,1.3,NA,1.5,2.4,2.4,35.5,34.8,25.3,43,78.5,24.8,,272.6,5.87,9.35,0.18,15.4,30.3,92.2,0.08,0.379,4.7
Babolat Tonic + Natural Gut 16,51,Medium,Gut,1.35,NA,3.3,6.1,8.2,43.57,38.2,27.2,18.7,62.4,21.2,,103.4,5.07,2.08,0.11,7.3,14.3,96.6,NA,NA,NA
Babolat Xcel Power 17,51,Medium,Nylon,1.25,1.27,6.7,7.6,9.1,40.02,37.7,26.9,27.3,67.3,22.7,,153.2,6.59,4.11,0.02,10.8,21.1,95.3,0.104,0.378,3.6
Babolat RPM Blast 16,51,Medium,Polyester,1.3,1.34,1.8,2.4,3.6,28.03,36.8,26.1,44.8,72.8,23.7,,267.5,8.25,14.44,0.25,22.9,45.2,89.7,0.09,0.406,4.5
Babolat RPM Blast 17/1.25,51,Medium,Polyester,1.25,NA,2.4,3.9,4.8,34.35,35.3,25.4,40.6,75,23.8,12.3,257.2,5.73,10.64,0.17,16.5,32.6,92.2,0.088,0.406,4.6
Babolat Xcel Power 16,51,Medium,Nylon,1.3,1.33,6.1,7.3,8.5,41.45,36.5,26,28.4,69.9,22.7,,170.3,6.17,3.1,0.06,9.3,18.4,97.2,0.109,0.413,3.8
Babolat Hurricane Feel 17,51,Medium,Polyester,1.25,1.26,1.8,2.4,3.3,34.84,35.5,25.8,41.2,76.1,24.5,,252.6,5.98,9.9,-0.04,15.9,31.2,91.6,0.085,0.37,4.4
Babolat Conquest 16,51,Medium,Nylon,1.3,1.32,7,8.5,9.7,35.85,37.5,27.3,32.4,68.4,23.3,,176,8.38,6.49,0.08,15,29.5,93.7,0.097,0.413,4.3
Babolat Revenge 17,51,Medium,Polyester,1.25,1.27,1.8,2.7,3.9,26.55,37.6,27,44.8,71.2,24.1,,249.7,8.71,15.46,0.31,24.5,48.3,88.2,NA,NA,NA
Boris Becker Bomber 16,51,Medium,Polyester,1.28,NA,2.1,3.3,4.5,27.34,37.8,27.3,41,68.4,23.3,,225.2,8.31,15.07,0.39,23.8,46.9,90.1,0.09,0.461,5.1
Boris Becker Bomber 17,51,Medium,Polyester,1.23,1.23,2.4,3.9,5.2,26.92,38.9,28,39.2,66.2,23.2,,203.5,8.16,15.64,0.44,24.3,47.8,87.6,NA,NA,NA
Diadem Solstice Power 16 (1.30),51,Medium,Polyester,1.3,NA,1.8,3,3.6,36.34,36.6,27,40.4,76.7,25.9,12.7,224.6,4.76,9.62,0.2,14.6,28.7,90.4,0.08,0.645,8.1
Diadem Solstice Power 17 (1.20),51,Medium,Polyester,1.2,NA,1.5,2.7,3.3,36.78,36.4,26.9,39.2,76.1,25.6,12.1,220,4.26,9.68,0.24,14.1,28,93.7,0.073,0.626,8.6
Diadem Solstice Pro 16L (1.25),51,Medium,Polyester,0,NA,2.4,3.6,4.5,35.35,37.6,27.9,37.3,72.8,25.4,12.4,194.3,4.37,11,0.27,15.7,30.8,89.1,0.081,0.589,7.3
Double AR 666 (1.30),51,Medium,Nylon,1.3,NA,5.2,6.4,7.9,38.83,37.2,27.7,30.9,69.7,24.1,11.7,162.9,5.58,6.31,0.09,11.9,23.6,95.8,0.085,0.491,5.8
Double AR Diablo (1.31),51,Medium,Polyester,1.31,NA,2.4,4.8,7,23.35,40.1,29.7,39.7,63.1,23.4,10.7,182.9,7.81,19.56,0.42,27.8,54.8,86.1,0.08,0.615,7.7
Double AR Raptor 1.27,51,Medium,Polyester,1.27,NA,1.2,1.8,2.4,39.69,34.8,26,41.9,81.6,26.5,12.8,252.6,3.31,7.72,0.07,11,21.9,93.1,0.098,0.521,5.3
Double AR WTS 25 (1.25),51,Medium,Polyester,1.25,NA,2.7,4.5,7,22.91,40.3,29.8,39.7,62.6,23.4,10.8,181.2,8.67,19.14,0.33,28.2,55.5,86.3,0.077,0.564,7.3
Double AR Twice Dragon(1.30),51,Medium,Polyester,1.3,NA,2.1,4.5,6.4,25.36,39.6,29,39.9,65.3,23.6,11,192,7.36,18,0.27,25.6,50.5,89.9,0.071,0.51,7.2
Double AR Twice Shark (1.25),51,Medium,Polyester,0,NA,NA,7.6,10.6,19.1,42.7,31.4,37.9,57.1,22.4,10.3,156,11.03,20.59,0.42,32,63.2,84.1,0.086,0.494,5.7
Double AR Diablo (1.24),51,Medium,Polyester,1.24,NA,2.4,4.2,6.7,23.35,40.3,29.8,39.7,63.1,23.5,10.9,181.2,8.45,18.92,0.22,27.6,54.4,87,0.084,0.619,7.4
Dunlop Tour Performance 16,51,Medium,Nylon,1.3,1.34,9.1,10.3,11.5,39.73,37.2,26.8,29.1,68.8,23,,165.2,7.01,3.98,0.04,11,21.7,95.5,0.101,0.412,4.1
Dunlop Explosive 16,51,Medium,Polyester,1.3,1.3,1.8,2.4,3,33.05,35.8,26,41.2,74.3,24.1,,248,6.66,11.01,0.24,17.9,35.3,90.2,0.1,0.478,4.8
Dunlop Juice 16 (1.31),51,Medium,Polyester,1.31,1.33,2.1,3.6,4.8,26.59,37.5,27,42.6,69.2,23.4,,237.2,9.33,14.8,0.22,24.3,48,90.1,0.115,0.414,3.6
Dunlop Black Widow 17,51,Medium,Polyester,1.26,NA,1.2,1.5,3,35.19,35.6,26,38.1,73.4,23.8,12.3,230.3,3.92,11.61,0.15,15.7,30.9,89.7,0.107,0.573,5.4
Dunlop Explosive Synthetic 16,51,Medium,Nylon,1.3,1.33,7.3,8.5,9.7,40.64,36.2,26,30.4,71.2,23.1,,183.5,5.84,4.24,0.07,10.1,20,94.5,0.122,0.444,3.6
Dunlop DNA 17 (1.22),51,Medium,Nylon,1.22,1.22,9.1,10.9,12.4,36.69,38.1,27.2,27.1,63.7,21.7,,148.6,5.78,8.25,0.04,14.1,27.7,95.6,0.115,0.476,4.1
Dunlop Hexy Fiber 17,51,Medium,Nylon,1.22,1.32,9.4,11.5,13,38.48,37.5,26.3,26,64.4,21.2,,152.6,6.31,5.93,0.02,12.3,24.2,94.7,0.134,0.499,3.7
Dunlop Comfort Synthetic 16,51,Medium,Nylon,1.3,1.32,7.9,9.4,10,41.01,36.3,26,30.2,71.2,23.1,,181.2,6.42,3.29,0.02,9.7,19.2,94.9,0.11,0.452,4.1
Dunlop Silk 17,51,Medium,Nylon,1.22,1.24,10,11.8,13.6,35.35,38.9,28,26.2,61.5,21.5,,136.6,6.09,9.28,0.03,15.4,30.3,96,0.121,0.423,3.5
Dunlop Silk 16 (1.30),51,Medium,Nylon,1.3,1.31,8.2,9.7,11.2,37.84,37.5,26.6,27.8,65.7,21.8,,159.4,6.28,6.6,0.02,13,25.4,95.5,0.131,0.451,3.4
Dunlop DNA 16 (1.30),51,Medium,Nylon,1.3,1.31,8.2,10,11.5,38.3,37.4,26.4,27.6,65.9,21.7,,161.2,5.91,6.51,0.04,12.3,24.6,95.1,0.116,0.415,3.6
Dunlop Comfort Synthetic 17,51,Medium,Nylon,1.25,1.26,7.6,8.8,9.7,41.41,35.7,25.9,31.1,72.5,23.5,,188.6,5.53,3.78,0.07,9.3,18.5,94.7,NA,NA,NA
Dunlop Comfort Poly 17,51,Medium,Polyester,1.25,1.23,2.1,3,3.9,29.88,36.4,26.2,44.3,74.3,24.3,,262.9,8.18,12.66,0.22,21.2,41.5,89.1,0.089,0.398,4.5
Dunlop M-Fil Tour 16,51,Medium,Nylon,1.3,1.34,8.8,9.1,10,39.27,37.1,26.9,29.5,68.8,23.2,,165.7,6.9,4.55,0.07,11.5,22.7,95.5,0.1,0.425,4.3
Dunlop Black Widow 16,51,Medium,Polyester,1.31,NA,2.1,3.6,4.5,31.82,36.7,26.1,36.8,68.6,22.3,11.9,220,5.56,13.34,0.2,19.2,37.7,91.2,0.107,0.557,5.2
Dunlop Juice 17 (1.26),51,Medium,Polyester,1.26,1.26,2.4,3.6,4.5,27.47,38,27.7,39.9,67.5,23.3,,212,8.6,14.65,0.3,23.6,46.4,89.5,0.107,0.416,3.9
Dunlop Explosive Synthetic Gut 17,51,Medium,Nylon,1.25,1.3,7,8.2,9.1,41.78,35.9,25.9,29.3,71,23,,177.2,5.82,3.12,0.06,9,17.7,95.8,NA,NA,NA
Dunlop Explosive Poly Max 16,51,Medium,Nylon/Polyester,1.3,1.31,7.6,8.8,10,39.14,36.9,26,29.5,68.8,22.4,,177.7,5.45,6.13,0.05,11.7,22.9,94.9,0.135,0.453,3.4
Dunlop Hexy Fiber 16,51,Medium,Nylon,1.3,1.38,9.4,10.9,12.1,38.26,37.6,26.8,26,64.4,21.6,,146.9,6.26,6.2,0.03,12.6,24.6,95.1,0.124,0.446,3.6
Dunlop Synthetic Gut 16,51,Medium,Nylon,1.3,1.34,NA,NA,10.3,39.51,36.7,26.2,30.4,69.9,22.8,,180,7.63,3.58,0.04,11.2,22.2,94.7,0.111,0.431,3.9
Dunlop S-Gut 17,51,Medium,Nylon/Polyurethane,1.22,1.25,9.7,10.6,11.8,40.29,36.6,26,28.7,69,22.4,,172,6.7,3.73,0.07,10.6,20.7,94.5,0.129,0.406,3.1
Dunlop X-Life Synthetic 15L,51,Medium,Nylon,1.4,1.4,7.9,9.4,10.3,39.87,36.6,26,30.4,70.3,22.9,,183.5,6.9,3.95,0.05,10.8,21.5,93.9,0.107,0.379,3.5
Forten Sweet 16,51,Medium,Nylon,1.3,NA,7.6,9.1,10,39.6,36.1,26,31.8,71.2,23.2,,190.9,6.48,4.64,0.09,11.2,22.1,94.7,0.122,0.412,3.4
Gamma TNT2 Touch 16,51,Medium,Nylon,1.32,NA,6.4,8.2,9.7,37.82,37.1,26.2,29.5,67.5,22.1,,174.3,6.09,6.81,0.07,13,25.6,93.9,0.125,0.42,3.4
Gamma Zo Verve 17,51,Medium,Polyester,1.25,NA,1.5,2.1,3,38.26,34.8,25.5,40.1,78.5,25,12.9,252,3.22,9.24,0.11,12.6,24.8,94.3,0.082,0.502,6.1
Gamma Poly Z 16,51,Medium,Polyester,1.3,NA,2.1,2.4,5.5,25.07,38.9,28.2,41.7,66.6,23.5,11,213.2,7.3,18.35,0.37,26,51.3,88.2,0.074,0.396,5.4
Gamma TNT2 Pro Plus 16,51,Medium,Nylon,1.3,1.37,NA,NA,12.4,38.1,37.2,26.8,29.1,67.3,22.5,,164.6,8.11,4.51,0.11,12.8,25.1,94.7,0.141,0.441,3.1
Gamma Zo Tour 16,51,Medium,,1.3,1.33,1.8,2.7,4.2,24.83,38,27.9,44.8,69.7,24.3,,233.2,9.75,16.14,0.4,26.2,51.8,87.2,0.11,0.422,3.8
Gamma ESP 16,51,Medium,Nylon,1.32,1.31,NA,NA,10.6,37.29,37.2,27,28.9,66.2,22.3,,160.6,7.32,6.11,0,13.5,26.5,94.3,0.159,0.419,2.6
Gamma Live Wire XP 16,51,Medium,Nylon/Zyex,1.32,1.3,NA,7.9,9.1,38.57,37.3,27,29.1,67.7,22.9,,162.3,6.62,5.53,0.07,12.1,24.1,94.3,0.15,0.384,2.6
Gamma Prodigy 16,51,Medium,Nylon,1.32,1.31,NA,NA,10.3,40.29,36.6,26.1,29.5,69.9,22.8,,176,6.55,3.88,0.07,10.6,20.7,95.5,0.111,0.39,3.5
Gamma Zo Power 16L,51,Medium,Polyester,1.25,1.27,2.1,3.9,5.2,22.82,39,28,42.3,65,22.8,,219.5,9.99,17.91,0.46,28.4,55.9,87.6,0.132,0.383,2.9
Gamma Zo Black Ice 17 (1.23),51,Medium,Polyester,1.23,1.23,2.4,3.6,4.5,30.23,36.8,26.1,41,71.2,23.3,,244.6,8.09,12.4,0.22,20.7,40.8,90.8,0.11,0.402,3.7
Gamma Zo Ice 16,51,Medium,Polyester,1.27,1.27,1.5,NA,3,32.02,36.3,26,42.8,74.7,24.3,,256.6,6.68,12.02,0.27,19,37.4,90.4,0.102,0.43,4.2
Gamma WearGuard Synthetic Gut 16,51,Medium,Nylon,1.3,1.31,NA,NA,9.1,39.95,36.6,26,30,69.9,22.7,,178.9,6.62,4.15,0.06,10.8,21.3,92.9,0.13,0.363,2.8
Gamma Professional 17,51,Medium,Nylon,1.27,NA,7.6,9.4,10.6,39.36,37.2,27,27.3,66.8,22.5,12.7,153.2,4.72,6.64,0.07,11.5,22.5,96.8,0.138,0.393,2.8
Gamma Professional Spin 16,51,Medium,Nylon/Zyex,1.35,1.4,NA,NA,9.4,39.14,36.6,26.1,30,69,22.5,,179.5,7.28,4.3,0.05,11.7,22.9,95.1,0.149,0.395,2.7
Gamma Professional 16,51,Medium,Nylon/Zyex,1.32,1.33,7.3,8.8,9.7,38.39,37.8,27.1,27.8,66.2,22.4,,152.6,6.46,5.87,0.07,12.3,24.4,93.9,0.165,0.402,2.4
Gamma Live Wire 16,51,Medium,Nylon/Zyex,1.32,1.31,NA,NA,9.7,36.18,37.5,27,30,66.2,22.3,,166.3,8.09,6.45,0.04,14.6,28.7,95.5,0.145,0.381,2.6
Gamma TNT2 16,51,Medium,Nylon,1.32,1.29,7.6,8.5,9.7,40.04,36.5,26.1,30.9,71,23.1,,185.2,6.73,3.95,0.02,10.8,21.1,94.3,0.125,0.399,3.2
Gamma Synthetic Gut 16,51,Medium,Nylon,1.3,1.32,NA,NA,7.9,39.36,36.2,26,33.5,72.8,23.7,,200.6,7.43,3.93,0.09,11.5,22.6,95.5,0.113,0.402,3.6
Gamma Zo Tour Rough 16,51,Medium,Polyester,1.28,1.32,2.7,4.8,6.7,26.57,38.5,28,39,65.5,22.9,,202.3,9.33,14.82,0.31,24.5,48.2,90.1,0.083,0.505,6.1
Gamma Glide Cross String 16,51,Medium,Nylon,1.3,NA,6.7,8.2,9.7,39.93,38.1,28,26,65.9,23,11.7,134.3,3.24,7.55,0.15,11,21.6,96.4,0.115,0.363,3.2
Gamma Zo Black Ice 18 (1.18),51,Medium,Polyester,1.18,1.18,3,3.6,5.2,30.96,36.9,26.2,39.5,70.3,23.1,,233.7,8.25,11.51,0.02,19.8,39,91.4,0.108,0.431,4
Gamma Zo Magic 16,51,Medium,Polyester,1.27,1.28,1.8,2.4,3,34.16,35.3,25.2,43.2,77.4,24.4,,276.6,6.37,10.19,0.18,16.8,33,92.7,0.097,0.395,4.1
Gamma Asterisk Spin 16,51,Medium,Nylon,1.33,1.37,NA,NA,13.3,38.7,37.6,27.1,28,66.6,22.6,,154.3,7.61,4.41,0.09,12.1,23.9,95.3,0.11,0.433,3.9
Gamma RZR Rx 16,51,Medium,Polyester,1.2,NA,2.1,3,3.9,37.31,36.1,26.2,38.6,75.9,24.9,12.4,227.5,4.32,9.09,0.11,13.5,26.7,92.2,0.094,0.371,3.9
Gamma TNT2 Rx 16,51,Medium,Nylon,1.34,1.35,NA,NA,9.7,39.23,36.6,26.1,30,69.2,22.6,,179.5,7.12,4.37,0.09,11.5,22.8,94.7,0.105,0.471,4.5
Gamma Asterisk Tour 16,51,Medium,Nylon/Zyex,1.32,NA,7.3,8.2,9.4,38.54,37.2,26.8,30.2,68.8,23.1,,170.9,7.19,4.99,0.04,12.1,24.1,94.7,0.125,0.424,3.4
Gamma Moto 16,51,Medium,Polyester,1.29,NA,2.1,3.3,3.9,35.61,33.8,25,38.8,74.5,23.3,12.8,252.6,4.96,10.15,0.11,15.2,30,95.6,0.079,0.461,5.8
Gamma Revelation 16,51,Medium,Nylon/Zyex,1.32,1.31,NA,NA,10.3,38.15,37.2,27,30.4,68.6,23.1,,169.2,7.5,5.07,0.05,12.6,24.9,95.5,NA,NA,NA
Gamma Asterisk 16,51,Medium,Nylon,1.3,1.31,8.5,9.7,10.3,40.31,37.2,26.7,28.4,68.8,22.9,,162.3,6.24,4.17,0.05,10.4,20.6,94.3,0.11,0.418,3.8
Gamma Monoblast 16,51,Medium,Polyester,1.27,1.27,1.5,2.4,3,29.79,36.6,26,42.8,72.5,23.6,,256,7.54,13.39,0.24,21.2,41.7,92.2,0.102,0.392,3.8
Gamma Zo Tour 17 (1.25),51,Medium,Polyester,1.25,1.27,2.4,3.3,4.8,25.75,38.1,27.8,41.5,67,23.3,,217.7,8.93,16.04,0.24,25.1,49.7,87.8,0.109,0.408,3.7
Gamma Zo Twist 16,51,Medium,Polyester,1.28,1.28,3,5.8,7,27.87,38.2,27.9,38.8,66.6,23.2,,203.5,8.73,14.12,0.31,23.2,45.7,89.5,0.085,0.4,4.7
Gosen Nanoblend 17,51,Medium,Nylon,1.24,1.24,9.7,11.2,12.7,37.22,39,28,25.6,62.8,22,,132.6,5.73,7.77,0.04,13.5,26.7,95.3,NA,NA,NA
Gosen Polymaster II 16,51,Medium,Polyester,1,1.0 x,4.2,5.8,7.6,24.48,39.4,28.1,38.8,63.3,22.2,,199.5,10.1,16.14,0.34,26.7,52.4,88.4,0.074,0.374,5.1
Gosen Polylon 16,51,Medium,Polyester,1.29,1.29,2.1,2.7,4.5,25.4,38.2,28,43.7,69,24.1,,226.9,9.48,15.84,0.31,25.6,50.5,86.5,0.087,0.357,4.1
Gosen Compositemaster II 16,51,Medium,Nylon,1.28,1.0 x,9.1,10.6,12.1,39.2,37.9,27,27.6,66.6,22.5,,152.6,5.84,5.68,0.06,11.5,22.8,94.3,0.079,0.352,4.5
Gosen Polylon PolyBreak 17 (1.24),51,Medium,Polyester,1.24,1.25,2.7,3.9,5.2,26.42,38.2,27.9,40.4,66.8,23.3,,210.9,9.08,15.22,0.25,24.5,48.4,87.6,0.104,0.436,4.2
Gosen Powermaster I 16,51,Medium,Nylon,1.21,1.11,8.5,10,10.6,39.73,37.2,26.7,29.3,69,23,,166.9,6.28,4.71,0.04,11,21.7,95.8,0.079,0.31,3.9
Gosen OG-Sheep Micro 16,51,Medium,Nylon,1.29,1.32,NA,NA,9.1,40.29,36.3,26,32,72.3,23.5,,192,6.66,3.77,0.07,10.6,20.7,94.1,0.105,0.359,3.4
Gosen AK Pro 16,51,Medium,Nylon,1.31,1.36,NA,NA,9.1,40.02,36.4,26,30.4,70.3,22.9,,182.3,7.19,3.51,0.07,10.8,21.2,94.7,0.093,0.398,4.3
Gosen AK Pro 17,51,Medium,Nylon,1.22,1.25,7.3,8.8,10,40.57,37,26.1,29.1,69.7,22.8,,174.3,5.47,4.68,0.04,10.1,20.1,94.7,0.089,0.393,4.4
Gosen OG Sheep Micro Super 16L,51,Medium,Nylon,1.25,1.25,7,8.2,9.1,40.2,36.9,26.3,30.4,70.6,23.2,,178.3,5.58,4.94,0.07,10.6,20.9,95.3,0.145,0.398,2.7
Gosen Polylon 17 (1.24),51,Medium,Polyester,1.24,1.25,2.4,3,4.5,26.42,37.7,27.1,42.6,69,23.3,,236,9.44,14.86,0.31,24.7,48.5,90.2,0.09,0.391,4.3
Gosen A.K. Control 16,51,Medium,Nylon,1.3,1.31,7.9,9.4,10.3,39.67,37.3,26.3,29.3,69,22.7,,172.6,5.51,5.54,0.07,11,21.9,95.6,0.093,0.499,5.4
Gosen Polylon PolyBreak 18 (1.20),51,Medium,Polyester,1.2,1.21,3.3,5.5,7.3,24.08,39.9,28.6,37.7,61.7,22.1,,186.9,9.13,17.51,0.31,26.9,53.1,89.3,0.074,0.354,4.8
Gosen Nanocubic 16,51,Medium,Nylon,1.31,1.36,7,7.9,9.1,40.64,36.1,26,32,72.5,23.6,,192,6.68,3.4,0.16,10.1,20.2,95.5,0.101,0.405,4
Gosen Sidewinder 17,51,Medium,Polyester,1.23,NA,4.2,6.7,9.1,27.85,39.2,28.5,35.9,63.7,22.7,11.2,179.5,6.22,16.65,0.49,23.4,46,91,0.09,0.412,4.6
Gosen Powermaster II 16,51,Medium,Nylon,1.21,1,9.4,10.6,11.5,39.69,37.5,27,28.9,68.6,23.2,,161.2,6.7,4.33,0.04,11,21.8,96.8,0.08,0.292,3.7
Gosen Polylon SP 16 (1.30),51,Medium,Polyester,1.3,1.31,3,4.5,5.8,24.63,38.9,28,40.4,65,22.7,,209.2,9.81,16.28,0.29,26.5,52,89.1,0.105,0.418,4
Gosen TecGut Remplir 16,51,Medium,Nylon/Polyurethane,1.29,1.32,NA,NA,13,35.57,38.4,28,29.8,65.3,22.8,,154.3,7.92,7.23,0.16,15.2,30.2,93.1,0.104,0.478,4.6
Gosen OG Sheep Micro 17,51,Medium,Nylon,1.22,1.25,7.9,9.1,10.3,39.14,37.2,26.7,29.5,68.6,22.9,,168,5.84,5.74,0.05,11.7,22.9,93.7,0.123,0.399,3.2
Gosen Nanosilver 17,51,Medium,Nylon,1.25,1.26,7.9,9.1,10.6,40.06,37.2,26.3,28.2,68.1,22.4,,165.7,5.87,4.79,0.02,10.6,21,95.8,0.088,0.398,4.5
Gosen Polymaster I 16,51,Medium,Polyester,1.02,1.1 x,3,4.8,7,25.05,38.8,28,39.9,65,22.7,,206.9,9.79,15.88,0.31,26,51.2,90.6,0.075,0.349,4.7
Gosen Polylon Comfort 16,51,Medium,Polyester,1.3,1.32,3,5.8,7.3,23.9,39,28,41.9,65.9,23.1,,216.6,10.8,16.02,0.33,27.1,53.5,88.2,0.073,0.402,5.5
Gosen Compositemaster I 16,51,Medium,Nylon,1.28,1.2 x,7.9,9.1,10.3,40.26,37.1,26.7,30,70.1,23.4,,170.9,5.8,4.66,0.04,10.6,20.7,94.1,0.083,0.345,4.2
Gosen Polylon SP 17 (1.24),51,Medium,Polyester,1.24,1.25,4.5,5.2,6.7,24.72,39.2,28,38.4,63.3,22.1,,199.5,9.31,16.69,0.2,26.2,51.7,91,0.087,0.399,4.6
Gosen OG Sheep Micro 18,51,Medium,Nylon,1.15,1.19,8.2,9.1,10.3,40.18,37.2,26.5,29.1,69.5,23,,168.6,5.58,4.96,0.05,10.6,20.9,94.3,0.114,0.36,3.2
Head ETS 17,51,Medium,Nylon,1.24,1.35,4.8,6.1,6.7,40.42,36.9,26.2,27.6,67.9,22.2,,162.3,4.26,6.04,0.09,10.4,20.5,96,0.198,0.367,1.9
Head Fibergel Spin 16,51,Medium,Nylon,1.3,1.33,NA,NA,10.6,38.48,36.9,26.6,30.6,69,22.9,,176,7.92,4.32,0.07,12.3,24.3,95.1,0.117,0.409,3.5
Head Reflex MLT 16 (1.30),51,Medium,Nylon,1.3,NA,7.3,8.8,10,39.36,35.9,26,28,67.5,21.9,12.1,168.6,5.01,6.35,0.07,11.5,22.5,95.6,0.107,0.547,5.1
Head FXP Power 17,51,Medium,Nylon,1.24,1.23,8.5,9.7,11.2,39.87,37,26.1,27.3,67.3,21.9,,164,5.76,5.09,0.07,11,21.5,93.9,0.089,0.398,4.5
Head FXP 16,51,Medium,Nylon/Polyester,1.32,1.33,7,8.2,9.1,39.54,37,26.3,30.2,69.7,22.9,,177.2,6.46,4.72,0.05,11.2,22.1,95.1,0.101,0.38,3.8
Head Synthetic Gut 16,51,Medium,Nylon,1.3,1.31,NA,NA,9.1,39.16,36.5,26.1,31.5,70.6,23,,188,7.41,4.15,0.07,11.7,22.9,96.2,0.11,0.394,3.6
Head Hawk 17 (1.25),51,Medium,Polyester,1.25,NA,1.5,3,3.9,35.88,36.3,26,39.9,75.9,24.7,12.1,239.5,4.32,10.52,1.64,16.5,32.5,91.8,0.069,0.323,4.7
Head Sonic Pro 17,51,Medium,Polyester,1.251,1.26,3.6,6.1,8.5,23.59,40.1,29,37.9,61.5,22.3,,184,8.75,18.38,0.37,27.6,54.2,88.4,0.087,0.342,3.9
Head Sonic Pro 16,51,Medium,Polyester,1.3,1.32,3.6,6.1,8.5,22.23,40.9,29.1,37.9,60.2,21.9,,181.7,9.97,18.52,-1.72,26.7,52.8,86.9,0.092,0.388,4.2
Head Fibergel Power 16,51,Medium,Nylon,1.3,1.31,NA,NA,10.9,34.57,38.2,27.7,30.9,65.5,22.7,,163.4,8.11,8.04,0.15,16.3,32.1,92.7,0.129,0.392,3
Head RIP PerfectPower 16,51,Medium,Nylon/Polyolefin,1.31,1.35,NA,NA,7.3,39.51,37,26.5,28.9,68.6,22.7,,168.6,5.69,5.52,0.11,11.2,22.3,94.7,0.158,0.369,2.3
Head FXP Tour 16,51,Medium,Nylon/Polyester,1.3,NA,4.2,6.1,7.6,39.87,38.5,28,24.7,64.6,22.6,11.4,128.6,4.19,6.66,0.16,11,21.7,94.9,0.1,0.424,4.2
Head FXP 17,51,Medium,Nylon,1.24,1.24,7,8.5,9.1,40.77,36.2,26,29.8,70.6,22.9,,179.5,5.27,4.68,0.07,9.9,19.7,92.5,0.101,0.412,4.1
Head Synthetic Gut PPS 16,51,Medium,Nylon,1.34,1.35,NA,NA,10,39.27,36.7,26.2,30.9,70.1,23,,182.3,7.23,4.22,0.07,11.5,22.7,95.5,0.108,0.42,3.9
Head FXP Power 16,51,Medium,Nylon,1.3,1.34,NA,NA,11.5,38.3,37.4,26.9,29.3,67.7,22.8,,164.6,7.43,4.99,0.07,12.6,24.6,96,0.087,0.403,4.6
Head Ultratour 17,51,Medium,Polyester,1.2,1.22,4.8,6.7,8.2,28.62,37.3,27,41.5,69.9,23.6,,230.9,9.39,12.71,0.26,22.3,44.1,89.7,0.094,0.383,4.1
Head Ultra Tour 16,51,Medium,Polyester,1.27,1.26,2.1,3.3,4.5,28.4,37.9,27.7,40.6,69,23.9,,215.5,8.91,13.41,0.2,22.5,44.4,90.4,0.087,0.394,4.5
Head Sonic Pro Edge 16,51,Medium,Polyester,1.3,NA,1.5,3,4.2,31.82,36.5,26.1,39.2,71,23.2,11.8,233.7,4.74,14.16,0.27,19.2,37.8,91.6,0.076,0.363,4.8
Head PerfectControl 16,51,Medium,Polyolefin,1.3,1.38,NA,NA,7.6,41.06,36.6,26,26.9,67.9,22.1,,161.7,5.36,4.3,0.11,9.7,19.3,96.4,0.149,0.394,2.6
Head Lynx 16 (1.30),51,Medium,Polyester,1.3,NA,2.4,4.2,5.8,28.25,38.1,28,40.6,68.8,24.1,11.4,210.9,7.17,15.3,0.38,22.9,45,90.2,0.075,0.525,7
Head RIP Control 16,51,Medium,Nylon/Polyolefin,1.3,1.45,NA,NA,6.7,39.93,36.7,26,28.9,68.8,22.4,,173.2,5.36,5.43,0.09,10.8,21.4,95.5,0.148,0.392,2.6
Head Fibergel Power 17,51,Medium,Nylon,1.24,1.28,7.6,9.1,9.7,38.74,36.7,26,30,68.8,22.4,,180.6,5.2,6.78,0.04,12.1,23.7,93.9,0.131,0.405,3.1
Head ETS 16,51,Medium,Nylon,1.31,1.45,4.5,5.8,6.7,38.68,37.4,26.5,29.1,67.9,22.5,,168.6,5.4,6.64,0.05,12.1,23.8,94.7,0.173,0.331,1.9
IsoSpeed Control Classic 16,51,Medium,Polyolefin,1.3,1.33,2.7,4.2,4.5,35.46,38.7,27.7,26.9,62.4,21.6,,142.3,7.41,7.85,0.27,15.4,30.6,93.7,0.17,0.386,2.3
IsoSpeed Black Fire 17,51,Medium,Polyester,1.25,NA,2.1,3,4.5,31.38,36.4,26.1,39.9,71.2,23.2,11.9,238.3,5.31,14.03,0.29,19.6,38.7,90.6,0.069,0.386,5.6
IsoSpeed Energetic 17,51,Medium,Nylon/Polyolefin,1.2,1.27,3.6,4.8,6.1,33.87,38.4,27.7,31.5,65.3,22.6,,166.9,5.76,11.09,0.16,17,33.5,92.2,0.22,0.413,1.9
IsoSpeed Pyramid 16,51,Medium,Polyester,1.3,1.3,2.7,3.9,6.1,22.14,40.4,29,39.9,62.2,22.5,,193.2,10.32,18.26,0.42,28.9,57.2,86.9,0.081,0.571,7
IsoSpeed Professional Classic 17,51,Medium,Polyolefin,1.2,1.29,2.7,3.6,4.8,36.93,38.5,27.2,26,63.1,21.4,,142.9,6.5,7.29,0.22,14.1,27.6,93.5,0.207,0.321,1.6
IsoSpeed Energetic Plus 16,51,Medium,Nylon/Polyester,1.3,NA,3.9,4.8,5.8,39.71,37.2,26.7,29.3,69,23,,167.4,5.31,5.7,0.09,11,21.9,94.7,0.169,0.41,2.4
IsoSpeed Axon Mono 16L,51,Medium,Polyester,1.25,1.28,3,3.3,4.5,33.65,36.7,26.1,38.6,72.3,23.6,,229.7,7.03,10.04,0.18,17.2,34,92.4,0.119,0.383,3.2
IsoSpeed Pulse 16,51,Medium,Polyester,1.3,1.32,3,5.5,7.6,22.6,40.5,29,38.1,60.6,22,,184,10.74,17.38,0.55,28.7,56.5,86.5,0.074,0.346,4.7
IsoSpeed Control 16,51,Medium,Nylon/Polyolefin,1.3,1.33,3.9,5.2,6.1,38.5,37.7,26.7,27.6,66.2,22.1,,157.2,5.73,6.49,0.16,12.3,24.4,94.3,NA,NA,NA
IsoSpeed Axon Multi 16L,51,Medium,Nylon/Polyolefin,1.25,1.29,4.2,5.5,7,36.78,38.6,27.5,25.4,62.2,21.4,,135.4,6.81,7.13,0.24,14.1,28,94.5,0.146,0.432,3
IsoSpeed Pulse 17,51,Medium,Polyester,1.2,1.22,3.9,6.1,8.5,23.31,40.8,29.4,36.2,59.5,21.9,,170.3,9.04,18.37,0.51,28,55,86.9,NA,NA,NA
Kirschbaum Super Smash 17 (1.25),51,Medium,Polyester,1.25,1.25,1.8,2.7,4.8,26.88,37.3,27,42.1,69,23.3,,234.3,8.07,15.77,0.27,24,47.5,88.4,0.08,0.453,5.7
Kirschbaum Touch Multifibre 17 (1.25),51,Medium,Nylon,1.25,1.28,7.3,8.5,9.7,40.02,36.6,26,28.2,68.4,22.2,,170.3,6.02,4.68,0.04,10.8,21.2,92.7,0.117,0.411,3.5
Kirschbaum Super Smash Spiky 16/1.30,51,Medium,Polyester,1.3,1.32,1.5,2.4,4.2,23.57,38.3,28,45.9,69.2,24.3,,237.2,10.1,17.05,0.31,27.3,54.1,86.7,0.09,0.446,5
Kirschbaum Spiky Shark 17,51,Medium,Polyester,1.25,1.3,2.4,4.5,6.1,24.28,38.7,28,42.1,66.4,23.2,,218.3,10.65,15.79,0.42,26.9,53,87.6,0.072,0.533,7.4
Kirschbaum Max Power 17 (1.25),51,Medium,Polyester,1.25,NA,1.5,2.4,3,39.47,34.8,26,41.7,81.1,26.3,12.8,250.9,3.57,7.68,0.15,11.5,22.5,93.5,0.089,0.485,5.4
Kirschbaum Touch Turbo 17 (1.25),51,Medium,Polyester,1.25,1.34,1.5,2.7,2.4,28.29,37,26.6,41.2,69.5,23.2,,236,7.74,14.69,0.37,22.7,45,88.9,0.084,0.44,5.2
Kirschbaum Competition 16/1.30,51,Medium,Polyester,1.3,1.3,1.5,2.7,4.2,27.21,38.1,27.6,42.6,69.9,24.1,,227.5,8.71,14.8,0.26,23.8,46.9,94.3,0.082,0.403,4.9
Kirschbaum Long Life 15,51,Medium,Polyester,1.38,1.44,1.2,2.1,3.3,23.15,37.7,27.3,47.6,70.8,24.1,,259.5,10.3,17.27,0.39,28,55.1,88.7,0.094,0.43,4.6
Kirschbaum Pro Line I 17L (1.20),51,Medium,Polyester,1.2,1.21,2.1,3.3,4.5,24.72,38.4,27.9,40.8,65.7,22.9,,213.2,9.33,16.67,0.27,26.2,51.8,87.4,0.089,0.351,3.9
Kirschbaum Pro Line II 1.30,51,Medium,Polyester,1.3,1.3,1.5,2.7,5.5,27.03,37.9,27.9,42.6,69.7,24.3,,222.9,8.53,15.16,0.2,23.8,47.1,88.9,0.078,0.444,5.7
Kirschbaum Pro Line II 17L (1.20),51,Medium,Polyester,1.2,1.2,2.7,3.9,5.5,27.87,38,27.3,39,66.8,22.8,,212.6,8.56,14.29,0.26,23.2,45.6,90.4,0.09,0.436,4.8
Kirschbaum Black Shark 17 (1.25),51,Medium,Polyester,1.25,NA,2.4,3.9,NA,31.69,36.2,26,39.7,71.4,23.2,12,238.3,6.11,12.92,0.2,19.2,37.9,91.6,0.072,0.421,5.8
Kirschbaum Super Smash Spiky 17 (1.25),51,Medium,Polyester,1.25,1.29,1.5,3,4.5,25.4,37.5,27,43.4,69,23.3,,242.3,9.26,16.06,0.4,25.8,50.7,88.4,0.074,0.386,5.2
Kirschbaum Pro Line X 16 (1.30),51,Medium,Polyester,1.3,NA,1.5,2.4,3,37.35,34.5,24.7,41.5,78.9,24.4,,276.6,4.19,9.18,0.13,13.5,26.6,93.1,0.08,0.41,5.1
Kirschbaum Competition 17L (1.20),51,Medium,Polyester,1.2,1.19,2.7,4.2,5.2,28.36,38.1,27.2,37.9,66.2,22.5,,207.5,7.96,14.4,0.31,22.7,44.7,91,0.103,0.422,4.1
Kirschbaum Helix 17,51,Medium,Polyester,1.25,1.25,1.8,2.7,3.9,28.84,37.4,27,41.5,70.3,23.7,,231.5,7.52,14.36,0.2,22.1,43.5,90.2,0.076,0.414,5.4
Kirschbaum P2 17 (1.25),51,Medium,Polyester,1.25,1.26,1.2,2.4,3,33.93,35.2,25.7,41.2,75.2,24.2,,254.3,6.2,10.59,0.15,17,33.4,93.1,0.095,0.465,4.9
Kirschbaum P2 16/1.30,51,Medium,Polyester,1.3,1.3,1.5,2.4,3,31.8,36.3,26.1,42.3,74.1,24.2,,253.2,6.99,11.93,0.22,19.2,37.7,90.6,0.079,0.412,5.2
Kirschbaum Touch Multifibre 16,51,Medium,Nylon,1.3,1.31,NA,NA,10.6,39.32,37.1,26.9,29.5,68.8,23.2,,165.2,6.88,4.52,0.07,11.5,22.6,94.7,0.114,0.468,4.1
Kirschbaum Super Smash Spiky 1.20,51,Medium,Polyester,1.2,1.2,2.4,3.9,5.5,24.67,38.5,28,42.1,66.8,23.4,,218.9,9.88,16.17,0.3,26.2,52,89.3,0.095,0.48,5.1
Kirschbaum Pro Line I 18L (1.15),51,Medium,Polyester,1.15,1.15,2.4,4.2,5.5,25.58,38.5,27.9,40.6,66.2,23.1,,211.5,8.6,16.54,0.27,25.4,50.1,87.2,0.086,0.377,4.4
Kirschbaum Pro Line I 1.30,51,Medium,Polyester,1.3,1.31,1.2,2,3,27.03,37.2,27,45.4,72.5,24.5,,253.7,8.6,15.09,0.24,24,47.2,88,0.081,0.358,4.4
Kirschbaum Pro Line II 18 (1.15),51,Medium,Polyester,1.15,1.18,3,4.5,5.8,27.81,38.2,27.8,37.7,65.7,22.8,,198.3,8.36,14.55,0.36,23.4,45.9,91,0.097,0.435,4.5
Kirschbaum Helix 16,51,Medium,Polyester,1.3,1.33,2.4,5.5,6.1,23.42,38.8,28,43.7,67,23.5,,226.3,9.13,18.17,0.31,27.6,54.4,88,0.074,0.403,5.4
Kirschbaum Competition 17 (1.25),51,Medium,Polyester,1.25,1.26,2.4,3.6,4.8,27.14,37.5,27,41.7,69,23.3,,233.2,9.13,14.45,0.28,23.8,47,90.2,0.103,0.463,4.5
Kirschbaum P2 17L (1.20),51,Medium,Polyester,1.2,1.2,2.1,3,3.9,30.19,37.3,26.9,39.2,69.5,23.4,,220.6,6.75,13.78,0.33,20.9,41.1,90.2,0.092,0.441,4.8
Kirschbaum Super Smash 16/1.30,51,Medium,Polyester,1.3,1.34,1.5,2.3,3.6,25.51,37.7,27.7,45.4,71,24.6,,240.6,8.49,16.72,0.33,25.6,50.3,87.4,0.08,0.424,5.3
Kirschbaum Pro Line X 17 (1.25),51,Medium,Polyester,1.25,1.25,1.5,2.4,3.3,32.57,36,25.9,40.6,73.2,23.7,,245.2,7.19,10.96,0.33,18.5,36.4,93.1,0.089,0.423,4.8
Kirschbaum Touch Turbo 16L (1.275),51,Medium,Polyester,1.275,1.26,1.8,3,3.9,26.77,37.8,27.1,40.1,66.8,22.6,,222.3,8,15.95,0.27,24.3,47.7,87.6,0.075,0.403,5.4
Kirschbaum Touch Turbo 1.30,51,Medium,Polyester,1.3,1.3,1.4,2.4,3.3,28.22,36.8,26.3,44.5,72.8,24,,261.7,7.65,14.85,0.3,22.7,45,89.1,0.085,0.45,5.3
Kirschbaum Pro Line I 17 (1.25),51,Medium,Polyester,1.25,1.27,1.8,3,4.2,25.58,37.7,27,42.1,67.7,22.9,,234.3,8.49,16.65,0.27,25.4,50.1,89.5,0.091,0.375,4.1
Kirschbaum Spiky Shark 16,51,Medium,Polyester,1.3,1.31,1.8,3.3,3.9,27.34,37.6,27,43.2,70.6,23.8,,240.6,8.36,15.02,0.24,23.6,46.6,89.5,0.072,0.541,7.5
Kirschbaum Pro Line II 17 (1.25),51,Medium,Polyester,1.25,1.25,2.4,3.9,4.8,28.44,37.4,27,40.6,69,23.3,,225.7,8,14.28,0.22,22.5,44.3,90.2,0.101,0.47,4.7
Kirschbaum Black Shark 16 (1.30),51,Medium,Polyester,1.3,NA,1.5,3,4.2,30.34,36.1,26,42.6,72.8,23.7,11.6,255.5,6.15,14.23,0.24,20.7,40.7,95.3,0.08,0.429,5.4
Klip Legend 16 Uncoated,51,Medium,Gut,1.3,1.32,3.9,5.2,7,43.46,37.9,27,19,62.4,21,,105.2,5.6,1.66,0.11,7.3,14.5,97.8,0.298,0.37,1.2
Klip Synthetic Gut 16,51,Medium,Nylon,1.29,1.31,NA,NA,11.8,38.54,37.1,27,29.8,68.4,23,,165.7,7.61,4.57,0.06,12.1,24.1,94.7,0.085,0.358,4.2
Klip Scorcher 16/1.30,51,Medium,Nylon,1.3,1.29,8.2,9.4,11.2,38.96,37.3,27,30,69,23.3,,168,7.17,4.59,0.42,12.1,24,94.3,0.122,0.392,3.2
Klip Armour Pro 16/1.30,51,Medium,Gut,1.3,1.3,3.9,5.6,7,42.87,37.6,27,20.1,62.8,21.2,,112,5.6,2.25,0.14,7.9,15.7,97.2,0.194,0.279,1.4
Klip Hardcore 16/1.30,51,Medium,Polyester,1.3,1.3,1.5,2.7,4.2,25.93,38.5,28,42.3,68.4,23.9,,219.5,8.03,16.76,0.15,24.9,49.2,86.5,0.092,0.432,4.7
Klip Venom 16/1.30,51,Medium,Nylon,1.3,1.32,7,8.5,9.7,40.55,36.7,26.1,29.3,69.9,22.8,,174.9,6.17,4,0.07,10.1,20.2,94.7,0.169,0.381,2.3
Klip K-Boom 16/1.30,51,Medium,Polyester,1.3,1.31,1.4,2.4,2.9,33.91,35.8,26.2,44.1,77.8,25.5,,261.7,6.55,10.26,0.15,17,33.4,91.4,0.093,0.38,4.1
Klip Kicker 16,51,Medium,Nylon,1.3,1.31,NA,NA,10.6,41.45,36.2,26,31.1,72.5,23.6,,186.9,6.75,2.52,0.08,9.3,18.4,95.5,0.097,0.362,3.7
Klip Excellerator 16/1.30,51,Medium,Nylon,1.3,1.32,7.3,8.8,9.7,40.92,36.7,26.2,28.9,69.9,22.8,,172,5.98,3.82,0.08,9.9,19.5,95.5,0.121,0.322,2.7
L-Tec Premium 5S 16L (1.25),51,Medium,Polyester,1.25,NA,2.1,3.6,4.8,32.46,36.1,26,40.1,72.5,23.6,,241.2,6.33,11.93,0.13,18.3,36.3,91.2,0.104,0.411,4
L-Tec Premium Pro OS 16L,51,Medium,Polyester,1.28,NA,1.5,2.1,3,37.71,34.2,24.2,41.7,79.4,24.1,,289.8,4.37,8.64,0.09,13,25.8,92.9,0.094,0.4,4.3
L-Tec Premium OS 17 (1.23),51,Medium,Polyester,1.23,NA,1.5,2.7,3.6,36.54,35,25.1,39.2,75.9,23.8,,253.2,4.06,10.12,0.16,14.3,28.3,93.1,0.098,0.402,4.1
L-Tec Premium 4S 16L (1.25),51,Medium,Polyester,1.25,NA,1.8,3,4.2,33.25,35.6,25.9,41,74.3,24.1,,248.6,5.78,11.69,0.15,17.6,34.7,92.4,0.071,0.479,6.7
L-Tec Premium 3S 16L (1.25),51,Medium,Polyester,1.25,NA,2.4,3.9,4.8,33.14,36,26,40.6,73.9,24,,244,5.8,11.78,0.18,17.9,35,92.5,0.115,0.465,4
LaserFibre Supernatural Gut Pro Stock 16,51,Medium,Nylon,1.3,1.32,NA,NA,10,37.42,37.4,27.1,30.2,67.7,22.9,,168,8.95,4.35,0.09,13.5,26.4,95.1,NA,NA,NA
Leopard Plus Control 16,51,Medium,Polyester,1.3,1.31,1.2,2.1,3,30.91,36.4,26.2,43.9,74.7,24.5,,258.3,7.28,12.53,0.19,20.1,39.4,89.5,0.097,0.378,3.9
Luxilon ALU Power Feel 18/1.20,51,Medium,Polyester,1.2,NA,2.1,3.9,5.2,30.96,38.1,28.3,39.5,70.3,24.9,11.6,200.6,5.98,13.78,0.97,20.7,40.9,91.2,0.074,0.396,5.4
Luxilon Monotec Super Poly 1.25/16L,51,Medium,Polyester,1.25,1.26,1.5,2.4,3.2,28.8,36.8,27,45.4,74.1,25,,253.2,7.36,14.56,0.16,22.1,43.5,92,0.116,0.377,3.3
Luxilon Savage 16/1.27,51,Medium,Polyester,1.27,1.25,1.5,2.4,3.6,27.74,36.6,26.4,44.3,72.1,23.8,,258.3,7.98,15,0.31,23.4,45.9,90.1,0.117,0.399,3.4
Luxilon Big Banger Ace 18 (1.12),51,Medium,Polyester,1.12,1.16,2.1,3.3,4.5,27.76,38,27.3,40.8,68.4,23.3,,222.9,8.71,14.25,0.2,23.2,45.7,90.1,0.106,0.419,4
Luxilon Big Banger Original 130/16,51,Medium,Polyester,1.3,1.31,1.5,2.7,3.9,25.09,38.1,28,45,70.1,24.5,,233.7,9.53,16.1,0.22,25.8,51,91,0.082,0.396,4.8
Luxilon Adrenaline 16L/1.25,51,Medium,Polyester,1.25,1.24,2.4,3.3,4.5,28.69,37.3,27,40.6,69.2,23.3,,226.9,8.51,13.52,0.27,22.3,44,91.8,0.103,0.356,3.5
Luxilon Monotec Supersense 16L/1.25,51,Medium,Polyester,1.25,1.25,1.8,3,3.9,27.03,37.6,27.1,42.1,69,23.4,,232.6,9.83,13.86,0.24,24,47.2,89.9,0.172,0.362,2.1
Luxilon M2 Pro 125/16,51,Medium,Polyester,1.25,1.33,2,3.6,5.2,24.14,39.3,28.3,41.5,65.5,23.2,,210.3,9.7,16.88,0.11,26.7,52.6,88,0.098,0.348,3.6
Luxilon 4G S 15,51,Medium,Polyester,1.41,NA,0.9,1.8,2.4,39.18,32.9,24,47,86.2,25.9,13.7,332,3.33,8.21,0.11,11.7,23,93.5,NA,NA,NA
Luxilon Element 1.30,51,Medium,Polyester,1.3,NA,1.5,3,4.5,28.8,38.2,28.2,41.2,70.1,24.7,11.4,211.5,6.75,15.17,0.25,22.3,43.7,90.1,0.068,0.446,6.6
Luxilon Big Banger XP 125/16L,51,Medium,Polyester,1.25,1.23,1.8,88.2,3.6,26.35,37.9,27.7,43.2,69.7,24.1,,228.6,641.65,-617.28,0.26,24.7,48.6,88.4,0.099,0.407,4.1
Luxilon Big Banger ALU Power Fluoro 17,51,Medium,Polyester,1.23,1.23,2.1,3.3,4.5,28.44,37.7,27,41.2,69.7,23.5,,228.6,8.38,13.9,0.22,22.5,44.3,91,NA,NA,NA
Luxilon Big Banger Rough 130/16,51,Medium,Polyester,1.3,1.33,2.1,3,4.2,24.78,38.1,28,45.6,70.3,24.7,,236,10.91,15.03,0,26,51.1,89.5,0.092,0.405,4.4
Luxilon Big Banger ALU Power Spin 127/16,51,Medium,Polyester,1.27,1.26,1.8,2.7,3.6,28.4,37.4,27.8,42.8,71.2,24.7,,225.7,8.16,14.16,0.29,22.5,44.6,90.1,0.106,0.454,4.3
Luxilon Big Banger TiMO 17L (1.17),51,Medium,Polyester,1.17,1.19,2.1,3.6,4.5,27.96,38.2,27.9,41.5,69.2,24.2,,216,8.56,14.2,0.31,23.2,45.5,89.1,0.094,0.413,4.4
Luxilon Adrenaline 16,51,Medium,Polyester,1.3,1.27,1.8,2.7,4.2,28.11,37.6,27,42.3,70.6,23.8,,236,8.45,14.16,0.19,22.7,45,92,0.103,0.372,3.6
Luxilon 4G 16L (1.25),51,Medium,Polyester,1.25,NA,1.5,2.4,3,40.22,33.6,24,41.5,81.8,24.5,12.9,292,3.55,6.95,0.11,10.6,20.9,94.1,0.095,0.366,3.9
Luxilon 4G 16 (1.30),51,Medium,Polyester,1.3,NA,1.2,1.8,2.4,39.16,33.3,24.1,45.4,84.5,25.4,13,317.2,3.97,7.59,0.13,11.7,23,92.7,NA,NA,NA
Luxilon 4G Soft 1.25,51,Medium,Polyester,1.25,NA,1.5,2.4,3,38.15,35.6,26.1,39.9,78.1,25.4,12.4,238.9,3.62,8.95,0.05,12.6,24.9,93.7,0.078,0.522,6.7
Luxilon Big Banger Timo 17 (1.22),51,Medium,Polyester,1.22,1.25,2.1,3,4.2,28.62,37.3,27,41,69.5,23.5,,228,7.96,14.14,0.18,22.3,43.9,91.2,0.098,0.382,3.9
Luxilon Big Banger XP 15L (1.38),51,Medium,Polyester,1.38,1.38,1.8,2.4,3.6,26.83,36.6,26.1,44.8,71.7,23.4,,266.9,9.26,14.63,0.24,24,47.6,90.1,0.106,0.378,3.6
Luxilon 4G Rough 16L,51,Medium,Polyester,1.25,NA,1.8,3.3,3.9,35.13,36.2,27,42.3,77.4,26.1,12.5,235.5,5.34,10.25,0.36,15.9,31.4,93.3,0.094,0.399,4.2
Luxilon Monotec Zolo 125/16,51,Medium,Polyester,1.25,1.23,2,3,4.2,26.68,38,27.9,43,69.7,24.3,,224.6,9.26,14.78,0.15,24.3,47.7,89.1,NA,NA,NA
Luxilon Adrenaline Rough 16L/1.25,51,Medium,Polyester,1.25,1.25,2.7,4.2,5.2,28.51,37.2,27,40.1,68.6,23.2,,223.5,8.75,13.46,0.22,22.5,44.2,89.7,0.13,0.432,3.3
Luxilon Big Banger Timo 18 (1.10),51,Medium,Polyester,1.1,1.14,2.4,3.3,4.8,28.07,38.3,27.7,39,67,23.2,,206.3,8.38,14.27,0.2,22.9,45,90.6,0.107,0.382,3.6
Luxilon ALU Power 125/16L,51,Medium,Polyester,1.25,1.23,1.8,3,3.9,27.52,37.9,28,43.4,71,24.8,,225.2,8.58,14.62,0.18,23.4,46.1,89.5,0.077,0.446,5.8
Luxilon Monotec Zolo 15L,51,Medium,Polyester,1.35,1.35,1.5,2.4,3.6,27.34,37.5,27,43.9,71.2,24.1,,245.2,8.53,14.85,0.28,23.6,46.7,90.2,0.083,0.382,4.6
Luxilon Adrenaline 17/1.20,51,Medium,Polyester,1.2,1.19,2.1,3,4.2,29.99,37,26.4,41,71,23.4,,237.7,7.36,13.37,0.31,20.9,41.5,91.2,0.131,0.384,2.9
Luxilon M2 Plus 130/16,51,Medium,Polyester,1.3,1.32,1.7,2.9,3.9,24.98,38.4,28,43.9,68.8,24.1,,226.9,9.15,16.59,0.31,26,51.3,88.4,NA,NA,NA
Luxilon Alu Power Soft 1.25,51,Medium,Polyester,1.25,NA,2.1,3.6,4.5,32.66,37.1,27.8,39.7,72.3,25.2,11.8,208.6,5.53,12.53,0.18,18.3,36,92.2,0.074,0.514,6.9
Luxilon LXN Smart 16L (1.25),51,Medium,Polyester,1.25,,2.1,4.5,3.3,29.5,37.5,27.9,41,70.6,24.7,11.7,214.3,7.32,13.9,0.31,21.6,42.4,90.4,0.079,0.54,6.8
Mantis Comfort Synthetic 16,51,Medium,Nylon,1.3,1.32,8.8,10,11.5,38.65,37.8,26.9,26.7,65.3,21.9,,150.3,6.04,6.03,0.02,12.1,23.8,95.5,0.115,0.438,3.8
Mantis Comfort Poly 16,51,Medium,Polyester,1.3,1.32,1.5,2.4,3.6,30.76,36.4,26,43.4,74.1,24.1,,261.2,7.3,12.66,0.18,20.1,39.7,91.2,0.092,0.438,4.8
Mantis Power Poly 17,51,Medium,Polyester,1.25,1.26,1.5,2.4,3.3,29.44,37,26.3,41,70.6,23.2,,241.2,7.89,13.39,0.31,21.6,42.6,90.8,0.086,0.417,4.8
MSV Focus Hex 17L (1.18),51,Medium,Polyester,1.18,NA,1.8,3,3.6,37.22,35.3,25.9,38.8,76.1,24.6,12.3,235.5,3.7,9.8,0.15,13.7,26.9,92.7,0.072,0.466,6.5
MSV Focus Hex Soft 17 (1.25),51,Medium,Polyester,1.25,NA,2.1,3,3.9,36.25,33.7,25,38.6,75,23.4,13,252,4.63,9.84,0.13,14.6,28.8,95.5,0.075,0.469,6.3
MSV Co.-Focus 16L,51,Medium,Polyester,1.27,1.28,2.1,3.3,5.2,26.2,38.9,28,39.9,66.2,23.2,,206.9,8.78,15.74,0.45,24.9,49.2,89.5,0.089,0.377,4.2
MSV Hepta-Twist 17,51,Medium,Polyester,1.25,1.3,3.3,5.5,6.7,25.95,38.8,28,39,65,22.7,,202.3,8.69,16.08,0.37,25.1,49.6,89.1,0.085,0.482,5.7
MSV Focus Evo 17,51,Medium,Polyester,1.25,1.25,2.1,3,4.2,27.98,37.3,27,41.7,69.7,23.5,,232,7.94,14.8,0.37,23.2,45.6,89.7,0.098,0.443,4.5
MSV Hepta-Twist 16,51,Medium,Polyester,1.3,1.34,2.4,4.2,6.4,25.27,38.6,28,39.5,64.8,22.6,,204.6,9.44,16.01,0.31,25.8,50.8,88,0.093,NA,0
MSV Focus Evo 16,51,Medium,Polyester,1.3,NA,1.5,2.4,3.6,28.78,36.8,26.4,44.1,72.8,24.1,,256,8.4,13.54,0.29,22.3,43.8,90.4,0.08,0.394,4.9
One Strings Carbon Tour 17 (1.25),51,Medium,Polyester,1.25,NA,1.5,2.4,3,38.3,35.1,26,41.5,79.8,25.9,12.7,249.7,4.26,8.16,0.13,12.6,24.7,92.2,NA,NA,NA
One Strings Carbon NRG 16,51,Medium,Polyester,1.3,NA,1.8,3.3,4.5,29.83,38.2,28,39.2,69.2,24.2,11.2,204,6,14.89,0.26,21.2,41.7,91.8,0.082,0.419,5.1
Pacific Classic Natural Gut 16,51,Medium,Gut,1.34,1.3,5.5,7.3,9.1,43.66,38.2,26.9,17.9,61.5,20.7,,100,4.92,2.14,0.09,7.1,14.1,98.6,0.149,0.422,2.8
Pacific Power Line 16L,51,Medium,Nylon,1.28,1.37,8,9.1,NA,41.28,36,26,30.4,71.7,23.3,,182.3,5.91,3.53,0.05,9.5,18.7,97,0.121,0.409,3.4
Pacific Prime Natural Gut 16L,51,Medium,Gut,1.25,1.29,106.7,6.4,8.5,43.88,38.2,27,17.9,61.7,20.8,,98.9,4.7,2.14,-0.02,6.8,13.4,96,NA,NA,NA
Pacific X Force 18,51,Medium,Polyester,1.19,1.22,1.5,2.4,3,32.55,36.3,27,41.7,74.3,25.1,,233.2,5.82,12.35,0.36,18.5,36.5,90.8,0.077,0.361,4.7
Pacific X Force 17,51,Medium,Polyester,1.24,1.27,1.8,1.8,3,32.85,35.8,26,42.6,75.4,24.5,,255.5,6.37,11.5,0.22,18.1,35.7,91.8,0.081,0.367,4.5
Pacific PMX 17,51,Medium,Nylon,1.23,1.22,8.5,10.3,11.8,37.48,38.1,27.8,27.6,65,22.6,,145.2,5.71,7.53,0.02,13.2,26.1,94.5,NA,NA,NA
Pacific Poly Force 16L,51,Medium,Polyester,1.29,1.3,1.5,2.7,3.6,28.05,32.3,27.1,42.3,70.3,23.9,,233.7,7.98,14.69,0.24,22.9,45.2,78,0.081,0.361,4.5
Pacific Tough Gut 16,51,Medium,Gut,1.34,1.39,4.2,6.7,7.9,41.06,38.5,27.2,20.9,62,21.1,,115.4,8.07,1.59,0.16,9.9,19.3,94.5,0.18,0.32,1.8
Pacific Poly Force Xtreme 16L,51,Medium,Polyester,1.25,1.28,1.5,2.4,3,31.33,36.1,27.5,44.3,75.6,26,,237.7,6.53,12.86,0.37,19.8,39,88.7,0.098,0.488,5
Pacific Tough Gut 16L,51,Medium,Gut,1.28,1.28,1.8,6.7,7.9,43.46,37.9,27,18.7,62.2,21,,104,5.12,2.14,0.31,7.5,14.9,98.8,NA,NA,NA
Pacific Power Twist 16L,51,Medium,Nylon,1.28,1.33,9.4,10.6,12.1,39.54,37,26.3,28.9,68.4,22.5,,169.7,6.35,4.83,0.03,11.2,22.1,94.3,0.133,0.419,3.2
Pacific Power Line 17,51,Medium,Nylon,1.24,1.27,7.9,9.1,10,39.89,36.5,26.1,30.9,70.8,23.1,,184,6.88,3.95,0.09,11,21.5,94.9,0.106,0.374,3.5
Pacific Prime Natural Gut 16,51,Medium,Gut,1.34,1.32,5.8,7.6,NA,44.52,38.4,27,15.9,60.4,20.4,,88.6,4.56,1.64,0.05,6.2,12.3,97,0.103,0.453,4.4
Pacific PMX 16L,51,Medium,Nylon,1.28,1.28,7.6,8.8,10,37.95,37,29,32.9,70.8,25.7,,157.7,5.23,7.54,0.11,12.8,25.4,93.7,0.192,0.392,2
Pacific Poly Force 17,51,Medium,Polyester,1.24,1.28,1.5,2.1,3,32.66,35.7,26,43.7,76.3,24.8,,262.3,7.1,10.96,0.29,18.3,36.2,89.7,0.08,0.356,4.5
Pacific ATP Poly Power Pro 16L,51,Medium,Polyester,1.25,1.27,2.1,3,3,25.49,38.3,28,42.3,67.7,23.7,,219.5,8.6,16.63,0.4,25.6,50.5,86.9,0.092,0.461,5
Pacific Premium Power X 16L,51,Medium,Nylon,1.27,1.29,8.8,10.3,11.8,38.74,37,27,30,68.8,23.2,,167.4,7.36,4.62,0.04,12.1,23.7,96,0.111,0.37,3.3
Poly Star Turbo 16L (1.25),51,Medium,Polyester,1.25,1.24,3.3,7.6,10.3,18.21,41.7,30,40.8,58.9,22.1,,184.6,13.23,19.28,0.48,33.1,65,85,0.105,0.521,5
Poly Star Strike 16L (1.25),51,Medium,Polyester,1.25,1.27,2.4,3.9,5.2,25.31,39.1,28,39.7,65,22.7,,205.7,8.16,17.25,0.39,25.8,50.9,88.7,0.087,0.415,4.8
Poly Star Energy 16 (1.30),51,Medium,Polyester,1.3,1.3,2.1,4.5,8.2,17.73,41.3,29.5,41.2,58.9,21.7,,192.6,11.49,21.5,0.53,33.5,66.1,83.4,0.089,0.354,4
Poly Star Classic 16 (1.30),51,Medium,Polyester,1.3,1.32,2.1,3,4.8,23.09,39.2,28,40.8,63.7,22.3,,210.9,9.5,18.13,0.2,27.8,54.9,85.9,0.111,0.466,4.2
Poly Star Strike 16 (1.30),51,Medium,Polyester,1.3,1.3,1.8,3,4.5,26.35,38.1,27.3,41,67.5,23,,223.5,8.78,15.59,0.29,24.7,48.6,88.4,0.081,0.414,5.1
Poly Star Energy 16L (1.25),51,Medium,Polyester,1.25,1.25,2.4,5.2,8.5,16.67,42,30,41.7,58.4,21.9,,188,12.86,21.19,0.22,34.2,67.6,81.5,0.096,0.354,3.7
Poly Star Classic 16L (1.25),51,Medium,Polyester,1.25,1.25,2.4,3.9,5.8,23.42,39.5,28,39.7,63.3,22.1,,205.7,9.15,18.15,0.36,27.6,54.5,86.7,0.083,0.368,4.4
Poly Star Turbo 16 (1.30),51,Medium,Polyester,1.3,1.28,2.7,5.5,8.8,17.57,41.8,30,40.8,58.4,21.9,,184.6,12.39,20.76,0.46,33.5,66.3,83.2,0.101,0.534,5.3
Poly Star Energy 17 (1.20),51,Medium,Polyester,1.2,1.23,2.7,4.5,7.6,19.01,41.4,29.7,40.6,59.5,22.1,,187.5,12.13,19.58,0.42,32.2,63.3,83.9,0.092,0.366,4
Poly Star Classic 17 (1.20),51,Medium,Polyester,1.2,1.22,2.4,4.5,7.6,19.89,41,29.2,39.7,59.5,21.7,,189.2,10.3,20.53,0.4,31.3,61.6,83.9,0.09,0.362,4
Polyfibre TCS 17,51,Medium,Polyester,1.2,1.21,3,5.8,8.8,19.05,41.8,30,38.1,57.3,21.5,,172.6,11.38,20.29,0.53,32.2,63.5,84.8,0.1,0.418,4.2
Polyfibre Viper 16L/1.25,51,Medium,Polyester,1.25,1.23,2.7,4.2,6.7,20.82,40.9,29.2,39.7,60.6,22.1,,189.7,10.21,19.69,0.4,30.2,59.7,85.9,NA,NA,NA
Polyfibre Poly Hightec 17,51,Medium,Polyester,1.2,1.16,2.7,5.5,7.9,19.54,41.8,30,38.6,58,21.8,,174.3,10.89,20.29,0.49,31.8,62.4,84.1,0.099,0.395,4
Polyfibre TCS 18 (1.15),51,Medium,Polyester,1.15,1.16,3.6,7.3,9.7,20.35,41.4,29.9,37.9,58.4,21.8,,172.6,11.47,18.9,0.42,30.9,60.7,85,NA,NA,NA
Polyfibre TCS 16/1.30,51,Medium,Polyester,1.3,1.3,1.8,3.6,6.1,21.15,40.6,29.6,40.6,61.7,22.9,,188.6,10.17,19.4,0.51,30,59.3,84.8,0.088,0.387,4.4
Polyfibre Hexablade 16L (1.25),51,Medium,Polyester,1.25,1.27,2.4,4.2,7.6,19.47,40.7,29,40.1,59.5,21.6,,193.7,11.2,20.05,0.44,31.8,62.5,85.9,0.097,0.443,4.6
Polyfibre Hightec Premium 16L,51,Medium,Polyester,1.25,1.25,2.1,3.6,6.1,21.06,40.4,29,40.1,61.3,22.2,,194.3,9.88,19.78,0.55,30.2,59.6,85.9,0.085,0.374,4.4
Polyfibre Cobra 17/1.20,51,Medium,Polyester,1.2,1.24,2.7,4.8,8.2,19.12,42.2,30.1,38.4,57.3,21.6,,172,10.47,21.13,0.49,32.2,63.3,84.5,0.107,0.385,3.6
Polyfibre Poly Hightec 18,51,Medium,Polyester,1.1,1.1,4.2,7.9,10.6,20.42,42,30,36.8,57.3,21.5,,166.3,10.74,19.56,0.44,30.6,60.6,86.5,0.112,0.435,3.9
Polyfibre Black Venom 16L (1.25),51,Medium,Polyester,1.25,1.25,2.7,4.8,6.7,20.73,40.6,29,39.2,59.8,21.7,,189.2,10.52,19.47,0.38,30.4,59.9,85.6,NA,NA,NA
Polyfibre Viper 17/1.20,51,Medium,Polyester,1.2,1.23,2.7,5.2,8.2,18.76,42.2,30,39,57.8,21.7,,176.6,11.03,20.93,0.39,32.4,63.8,84.5,0.105,0.412,3.9
Polyfibre Hightec Premium 16/1.30,51,Medium,Polyester,1.3,1.3,2.1,3.3,6.1,22.07,40.2,29,40.8,62.8,22.8,,197.2,9.68,18.97,0.46,29.1,57.4,85.6,0.093,0.387,4.2
Polyfibre Hexablade 17L (1.18),51,Medium,Polyester,1.18,1.21,2.7,6.1,9.1,19.16,41.2,29.7,39.2,58.4,21.7,,180,11.49,20.07,0.46,32,63.1,84.6,0.1,0.52,5.2
Polyfibre Hightec Premium 17,51,Medium,Polyester,1.2,1.18,3,5.5,8.2,20.02,41.6,29.9,38.8,58.9,22,,176,10.54,20.16,0.42,31.1,61.3,85.6,0.103,0.4,3.9
Polyfibre TCS Rapid 16L/1.25,51,Medium,Polyester,1.25,1.25,2.4,5.2,8.5,18.76,42.1,30,39,57.8,21.7,,176,11.53,20.43,0.59,32.6,64.2,85.6,0.089,0.385,4.3
Polyfibre TCS 16L,51,Medium,Polyester,1.25,1.23,2.4,4.2,7.3,19.89,41.2,29.7,39.5,59.3,22,,181.7,11.03,19.8,0.49,31.3,61.7,85.2,0.098,0.377,3.8
Polyfibre Black Venom 16 (1.30),51,Medium,Polyester,1.3,1.32,2.4,3.9,5.8,22.54,39.4,28,40.6,63.3,22.1,,210.9,9.9,18.28,0.42,28.7,56.4,86.7,0.097,0.42,4.3
Polyfibre Poly Hightec 16L,51,Medium,Polyester,1.25,1.23,2.4,3.9,6.7,20.37,41.1,29.6,39.2,59.8,22.1,,182.3,10.5,19.85,0.53,30.9,60.9,84.6,0.093,0.407,4.4
Polyfibre Poly Hightec 16/1.30,51,Medium,Polyester,1.3,1.31,1.5,3,5.2,21.87,40.3,29,40.8,62.6,22.7,,196.6,10.25,18.6,0.42,29.3,57.7,85.9,0.102,0.42,4.1
Prince Syn Gut Original 16,51,Medium,Nylon,1.3,1.3,6.7,7.6,8.5,40.64,35.4,28,36.6,77.2,27,,189.7,5.71,4.37,0.11,10.1,20.1,96.4,0.124,0.358,2.9
Prince Twisted 16L,51,Medium,Polyester,1.27,1.27,1.2,2.4,3,29.15,36.8,26.1,43.9,73,23.9,,261.7,7.47,14.1,0.22,21.8,43,90.4,0.096,0.355,3.7
Prince Premier Power 16,51,Medium,Nylon,1.3,NA,7.6,9.1,10.3,40.68,37.3,27.6,28,68.6,23.6,12,149.7,4.41,5.63,0.04,10.1,19.9,95.6,0.094,0.43,4.6
Prince Premier Touch 15L,51,Medium,Nylon,1.35,NA,2.4,3.6,4.8,39.6,37.3,27,28.9,68.6,23.2,11.7,161.2,4.41,6.71,0.2,11.2,22.3,95.3,0.106,0.464,4.4
Prince Topspin W/ Duraflex 15L,51,Medium,Nylon,1.38,1.41,7.3,8.2,9.4,42.16,36,25.9,30.6,72.8,23.6,,185.2,5.42,3.14,0.02,8.6,16.9,94.7,0.126,0.437,3.5
Prince Recoil 16,51,Medium,Nylon,1.3,1.36,7.3,8.5,9.4,39.2,35.9,28.1,35.5,74.7,26.2,,182.9,6.22,5.3,0.06,11.5,22.8,94.9,0.098,0.331,3.4
Prince Tour XC 16L,51,Medium,Polyester,1.22,NA,1.5,3,3.9,34.07,36.8,27.1,40.6,74.5,25.2,12,224,5.42,11.23,0.97,17.6,34.7,91.6,0.077,0.42,5.5
Prince Poly EXP 17,51,Medium,Polyester,1.25,1.26,1.5,3,3.6,29.06,37.2,26.9,41.9,71,23.9,,235.5,7.39,14.27,0.31,22.1,43.3,88.9,0.094,0.414,4.4
Prince Synthetic Gut 16 Duraflex,51,Medium,Nylon,1.3,1.3,7,8.5,9.4,40.84,36.4,26,30.2,71,23.1,,181.7,6.15,3.73,0.05,9.9,19.6,93.3,NA,NA,NA
Prince Tour XP 16,51,Medium,Polyester,1.3,NA,1.5,2.7,3.6,34.64,36.6,27,39.5,74.1,25,12.1,220,4.7,11.38,1.26,17.4,34.2,93.1,0.079,0.436,5.5
Prince Lightning XX 16,51,Medium,Nylon,1.3,1.3,7.6,8.2,9.4,41.43,36.2,26,30.9,72.3,23.5,,185.2,5.91,3.38,0.02,9.3,18.3,95.6,0.117,0.398,3.4
Prince Premier LT 18,51,Medium,Nylon,1.2,1.2,8.2,9.7,11.5,37.15,38,27.3,28.7,65.9,22.5,,157.2,7.23,6.34,0.11,13.7,27,95.6,0.109,0.38,3.5
Prince Premier Control 17,51,Medium,Nylon,1.25,NA,7.3,8.5,9.7,41.26,37.1,27.2,28.4,69.7,23.6,11.9,156.6,4.23,5.23,0.05,9.5,18.7,95.5,0.091,0.431,4.7
Prince Tournament Nylon 15L,51,Medium,Nylon,1.38,1.4,7.6,8.8,10,41.12,35.4,28,35.9,77,26.9,,185.7,6.02,3.58,0.08,9.7,19.1,94.7,0.116,0.361,3.1
Prince Syn Gut Original 17,51,Medium,Nylon,1.25,1.24,7.3,8.5,9.4,42.78,35.9,25.9,30.2,73,23.7,,182.9,4.65,3.29,0,7.9,15.7,94.9,0.112,0.421,3.8
Prince Premier Power 17,51,Medium,Nylon,1.25,NA,7.9,9.1,10.6,41.1,37.3,27.6,27.6,68.6,23.7,11.8,146.3,4.23,5.39,0,9.7,19,96,0.096,0.41,4.3
Prince Tour XT 18,51,Medium,Polyester,1.18,NA,2.1,3,4.2,31.82,37.6,28,38.1,70.1,24.5,11.7,198.3,4.74,14.16,0.29,19.2,37.8,92.5,0.067,0.427,6.4
Prince Lightning XX 17,51,Medium,Nylon,1.25,1.26,7,7.9,8.8,41.26,36.3,26,29.5,70.8,23,,177.2,5.78,3.68,0.03,9.5,18.7,96.4,0.11,0.387,3.5
Prince Premier Touch 17,51,Medium,Nylon,1.25,NA,2.4,4.2,5.5,38.94,37.8,27.5,26.9,65.9,22.7,11.6,144.6,4.23,7.55,0.2,11.9,23.6,95.1,0.111,0.465,4.2
Prince Premier LT 17,51,Medium,Nylon,1.25,1.26,8.8,10,11.2,36.21,37.3,29.8,33.7,70.1,26.1,,154.3,6,8.51,0.2,14.8,29,94.5,0.102,0.338,3.3
Prince Tour XC 15L,51,Medium,Polyester,1.35,NA,1.5,3,4.2,30.41,37.4,27.8,42.3,72.8,25.3,11.7,222.3,5.95,14.36,1.61,21.8,43.2,89.7,0.075,0.416,5.5
Prince Beast XP 16,51,Medium,Polyester,1.3,1.32,2.1,3.3,4.5,30.05,36.9,26.7,39.2,69.5,23.2,,223.5,7.28,13.39,0.22,20.9,41.2,91.2,0.104,0.409,3.9
Prince Synthetic Gut Multifilament 17,51,Medium,Nylon,1.24,1.27,7.6,8.8,9.7,39.65,37,26.1,29.1,68.8,22.4,,173.7,6.28,4.79,0.05,11,21.9,93.3,0.126,0.389,3.1
Prince Tour XP 15L,51,Medium,Polyester,1.35,NA,1.5,3,3.9,31,37.7,28,39.2,70.3,24.6,11.7,204,5.73,13.99,1.43,21.2,41.7,92.7,0.083,0.435,5.2
Prince Tournament Poly 17,51,Medium,Polyester,1.24,1.24,1.8,3,4.5,25.27,38.4,27.9,43,68.1,23.8,,224,8,17.45,0.29,25.8,50.7,86.7,NA,NA,NA
Prince Tour 16,51,Medium,Polyester,1.3,1.33,1.8,2.4,4.2,24.32,38.3,27.8,44.8,69,24,,234.9,8.73,17.67,0.2,26.7,52.4,87.2,0.108,0.332,3.1
Prince Premier Control 15,51,Medium,Nylon,1.4,NA,7.6,9.1,10.3,41.65,36.9,27,28.2,69.9,23.6,11.8,157.2,4.23,4.84,0.04,9,18,96.8,0.092,0.423,4.6
Prince Synthetic Gut 17 Duraflex,51,Medium,Nylon,1.22,315,6.7,7.9,95.5,40.46,36.2,26,32,72.5,23.6,,192.6,6.55,3.71,0.06,10.4,20.3,96.2,NA,NA,NA
Prince Tour 17,51,Medium,Polyester,1.25,1.28,1.8,3.3,4.8,23.11,39.1,28,43,66.2,23.2,,222.9,9.57,18.04,0.33,28,55.1,88.9,0.114,0.387,3.4
Prince Premier Power 18,51,Medium,Nylon,1.2,NA,8.2,8.5,11.2,40.68,37.6,27.9,27.3,67.9,23.7,11.8,142.9,4.23,5.81,0.06,10.1,19.9,95.8,0.086,0.43,5
Prince Tour XS 16,51,Medium,Polyester,1.25,NA,1.8,3,3.9,32.9,37,27.6,39.7,72.5,25.1,11.9,211.5,4.72,13.1,0.24,18.1,35.6,92,0.089,0.488,5.5
Prince Poly Spin 3D,51,Medium,Polyester,1.27,1.28,2.1,4.2,6.4,20.7,40.6,29.1,41.5,62.2,22.6,,199.5,10.74,19.28,0.37,30.4,59.9,85.6,0.113,0.373,3.3
Prince Premier Touch 16,51,Medium,Nylon,1.3,NA,NA,NA,NA,40.18,37.2,27,28,68.1,23,11.9,156,4.08,6.46,0.2,10.8,21.2,95.6,0.11,0.449,4.1
Prince Premier W/Softflex 16,51,Medium,Nylon,1.3,1.32,8.5,10,11.5,38.3,37.1,27.5,31.3,69.7,23.9,,169.2,6.06,6.36,0.04,12.3,24.6,94.9,0.134,0.437,3.3
Prince Synthetic Gut Multifilament 16,51,Medium,Nylon,1.3,1.33,7,8.5,9.1,40.92,36.5,26,29.5,70.6,22.9,,177.7,5.36,4.44,0.06,9.9,19.4,94.7,0.141,0.376,2.7
Prince Tour XC 17L,51,Medium,Polyester,1.22,NA,1.5,3,4.2,34.05,36.8,27.1,40.6,74.5,25.2,12,224.6,4.78,11.89,1.02,17.6,34.9,91.4,0.073,0.428,5.9
Prince Tournament Poly 16,51,Medium,Polyester,1.3,1.3,1.5,2.4,3.6,27.92,37.3,26.6,43.4,71.2,23.7,,249.7,7.72,15.08,0.29,23.2,45.5,88.9,0.09,NA,0
Prince Topspin Plus 16,51,Medium,Nylon,1.3,1.33,7,8.5,9.4,40.57,36.8,26.1,29.5,70.1,22.9,,177.2,5.56,4.59,-0.02,10.1,20,95.3,0.097,0.512,5.3
Prince Premier Control 15L,51,Medium,Nylon,1.35,NA,7.3,9.1,10,41.94,36.9,27,27.8,69.7,23.5,12.2,154.3,4.01,4.77,0.04,8.8,17.4,96,0.088,0.406,4.6
Prince Tour XS 1.35,51,Medium,Polyester,1.35,NA,0.9,2.1,3,33.96,36.8,27.3,39.5,73.4,25,11.9,215.5,4.26,12.5,1.11,17.9,35.2,93.5,0.072,0.359,5
Prince Premier W/ Softflex 17,51,Medium,Nylon,1.25,1.28,9.4,10.9,12.1,39.45,37.6,26.8,27.6,67,22.4,,156,5.82,5.45,-0.02,11.2,22.2,94.9,0.135,0.435,3.2
Prince Synthetic Gut 18 Duraflex,51,Medium,Nylon,1.17,1.2,6.7,7.9,8.8,41.19,36.7,26,28.4,69.7,22.6,,170.9,5.58,3.95,0,9.5,18.8,94.5,0.104,0.374,3.6
Prince Premier Control 16,51,Medium,Nylon,1.3,NA,7,8.2,9.1,42.12,36.8,27,28.7,70.8,23.8,12,160,3.97,4.63,0.05,8.6,17,95.6,0.087,0.471,5.4
RS RS Lyon 17,51,Medium,Polyester,1.25,NA,2.1,3.3,4.5,32.94,37.4,28,41.2,74.1,25.9,12.1,213.2,6.39,11.39,0.17,17.9,35.4,92.5,0.094,0.511,5.4
Signum Pro Poly Megaforce 17 (1.19),51,Medium,Polyester,1.19,1.21,1.8,2.4,3.6,32.48,36.5,26,40.1,72.8,23.6,,241.2,6.2,12.04,0.22,18.5,36.4,92.2,0.093,0.447,4.8
Signum Pro Poly-Plasma 17L (1.18),51,Medium,Polyester,1.18,1.19,2.1,3,2.1,30.78,37.3,26.7,39,69.9,23.3,,222.9,6.84,13.1,0.26,20.3,39.8,90.1,0.098,0.487,5
Signum Pro Hyperion 16,51,Medium,Polyester,1.3,1.35,1.5,NA,3,30.65,36.4,26,41.9,72.5,23.6,,251.5,7.25,12.82,0.33,20.3,40.2,90.8,0.096,0.443,4.6
Signum Pro Firestorm 1.25,51,Medium,Polyester,1.25,NA,2.7,4.2,5.5,27.69,35.9,26.1,38.6,66.4,21.6,12.2,230.3,6.86,16.17,0.15,23.2,45.7,92.5,0.086,0.413,4.8
Signum Pro Plasma HEXtreme 16L/1.25,51,Medium,Polyester,1.25,1.24,1.8,2.4,3.3,30.16,37.3,27,41,71.2,24,,228.6,7.45,13.11,0.26,20.7,41,89.3,0.076,0.451,5.9
Signum Pro Hyperion 17 (1.24),51,Medium,Polyester,1.24,1.26,2.1,3,3.9,29.66,37.3,26.9,39.9,69.5,23.4,,224,7.01,14.05,0.31,21.4,42.1,90.1,0.104,0.442,4.2
Signum Pro Poly-Plasma Pure 17 (1.23),51,Medium,Polyester,1.23,1.25,2.1,3,4.2,29.57,37.3,26.9,39.9,69.5,23.4,,225.2,7.17,13.98,0.38,21.6,42.4,89.9,0.086,0.449,5.2
Signum Pro Tornado 16,51,Medium,Polyester,1.29,1.33,1.8,3.3,4.2,27.03,37.3,27,43.4,70.6,23.8,,242.3,9.46,14.23,0.35,24,47.4,90.4,0.085,0.434,5.1
Signum Pro Poly Megaforce 16,51,Medium,Polyester,1.29,1.29,1.5,2.1,2.7,33.3,35.9,26,43.7,77,25,,261.7,7.19,10.23,0.11,17.4,34.6,89.3,0.097,0.42,4.3
Signum Pro Tornado 17 (1.23),51,Medium,Polyester,1.23,1.3,2.4,2.7,3.3,28.71,37.1,26.9,42.1,70.8,23.8,,235.5,7.72,14.29,0.27,22.3,43.9,91,0.091,0.441,4.8
Signum Pro Poly-Plasma Pure 17L (1.18),51,Medium,Polyester,1.18,1.19,2.1,3.3,4.5,28.95,38,27.2,39.5,68.4,23.2,,216.6,7.23,14.54,0.37,22.1,43.7,89.7,NA,0.391,NA
Signum Pro Poly-Plasma Pure 16L,51,Medium,Polyester,1.28,1.31,1.5,2.4,3.3,30.61,36.4,26,42.6,73.2,23.8,,256.6,7.5,12.61,0.27,20.3,40.2,91.2,0.083,0.467,5.6
Signum Pro Poly Speed Spin 1.28,51,Medium,Polyester,1.28,NA,1.2,2.1,3.3,30.61,35.9,26,46.3,77,25,,277.7,7.39,12.72,0.18,20.3,40,88,0.112,0.48,4.3
Signum Pro Poly-Plasma 16L,51,Medium,Polyester,1.28,1.3,1.8,2.4,2.7,31.31,36.3,26,42.6,73.9,24,,256,7.85,11.56,0.22,19.6,38.7,91.2,0.098,0.465,4.7
Solinco Vanquish 16,51,Medium,Nylon,1.3,1.34,7.3,8.5,10,40.55,36.9,26.1,28.2,68.8,22.4,,168.6,6,4.17,0.04,10.1,20.1,95.5,0.094,0.363,3.9
Solinco Revolution 17,51,Medium,Polyester,1.2,1.25,2.1,3.6,5.5,25.89,38.8,28,40.4,66.2,23.2,,209.2,9.48,15.35,0.38,25.1,49.7,88.2,0.072,0.476,6.6
Solinco Outlast 16,51,Medium,Polyester,1.3,1.35,1.5,2.7,3.9,27.28,37.6,27,42.3,69.7,23.5,,236,8.16,15.28,0.33,23.8,46.9,89.1,0.069,0.416,6
Solinco Tour Bite Diamond Rough 17 (1.20),51,Medium,Polyester,1.2,NA,3.6,6.1,7,29.35,38.1,28,39.2,68.8,24.1,11.3,203.5,6.46,14.91,0.35,21.8,42.8,91,0.119,0.516,4.3
Solinco Tour Bite 16,51,Medium,Polyester,1.3,1.34,1.8,3.3,4.2,27.45,37.7,27,41.7,69,23.3,,232,9.46,13.81,0.31,23.6,46.5,89.7,0.085,0.573,6.7
Solinco Tour Bite 16L (1.25),51,Medium,Polyester,1.25,NA,1.5,2.7,3.3,38.37,34.4,24.9,39.7,78.1,24.4,,259.5,3.75,8.6,0.18,12.6,24.7,92.5,0.085,0.505,5.9
Solinco Outlast 17,51,Medium,Polyester,1.2,1.24,2.4,4.2,5.8,25.91,39.1,28,39.7,65.5,23,,205.2,8.67,16.14,0.46,25.4,49.8,90.8,0.074,0.406,5.5
Solinco Tour Bite Diamond Rough 16 (1.30),51,Medium,Polyester,1.3,NA,2.4,5.2,7,25.03,38.9,28.6,42.1,67.3,24,11.2,209.7,8.82,16.87,0.44,26.2,51.5,88.5,0.111,0.54,4.9
Solinco Tour Bite 17,51,Medium,Polyester,1.2,1.23,2.4,4.5,5.8,26.75,38.9,28,38.6,65.3,22.9,,200,8.31,15.66,0.38,24.3,48,88.2,0.079,0.499,6.3
Solinco Barb Wire 17 (1.20),51,Medium,Polyester,1.2,1.25,2.1,3.3,4.5,29.55,37.9,27.1,37.3,66.8,22.6,,206.3,6.35,14.82,0.27,21.4,42.3,90.4,0.113,0.557,4.9
Solinco Revolution 16,51,Medium,Polyester,1.3,1.33,1.8,2.4,NA,27.32,37.4,26.8,43.7,71,23.8,,247.5,8.33,15.07,0.37,23.8,46.9,89.1,0.07,0.451,6.4
Solinco Barb Wire 16,51,Medium,Polyester,1.3,1.38,2.1,2.7,3,30.89,36.5,26,40.8,71.7,23.3,,244.6,7.41,12.42,0.11,19.8,39.3,90.8,0.123,0.542,4.4
Solinco Hyper-G 16,51,Medium,Polyester,16,NA,1.5,2.7,3.3,37.9,35.3,26,40.4,78.3,25.4,12.6,242.3,3.95,8.87,0.15,13,25.6,93.1,0.09,0.631,7
Solinco Tour Bite Diamond Rough 16L (1.25),51,Medium,Polyester,1.25,NA,2.7,5.2,6.4,27.47,38.1,28,42.3,69.9,24.5,11.6,218.9,8.62,14.63,0.22,23.4,46.3,92.4,0.095,0.516,5.4
Solinco Tour Bite 16 Soft,51,Medium,Polyester,1.3,NA,2.4,4.5,5.8,25.82,38.2,28,39.9,65.7,23,11.6,207.5,7.06,17.84,0.35,25.1,49.8,90.4,0.08,0.549,6.9
Solinco Tour Bite 18 (1.15),51,Medium,Polyester,1.15,1.18,3.6,5.2,6.7,25.6,39.6,28.1,36.4,62,21.8,,187.5,8.56,16.56,0.33,25.4,50.2,89.3,0.097,0.563,5.8
Super String Tour Players V3 17 (1.20),51,Medium,Polyester,1.2,1.21,2.4,3.3,4.5,28.38,37.9,27.2,39.7,68.1,23.1,,218.3,7.5,14.84,0.24,22.5,44.5,89.7,NA,NA,NA
SuperString Nikita Original 1.25,51,Medium,Polyester,1.25,1.26,2.4,3.6,4.8,29.46,37.3,27,39.5,69,23.3,,220.6,7.63,13.63,0.2,21.4,42.3,90.8,0.109,0.371,3.4
SuperString VooDoo Tour V9 17,51,Medium,Nylon/Polyester,1.2,1.25,3.9,5.2,6.1,35.17,37.8,27,29.8,65,21.9,,166.3,5.8,9.75,0.18,15.7,31,93.7,NA,NA,NA
SuperString Viper V2 Rough 16L,51,Medium,Polyester,1.25,1.32,2.1,3,4.2,31.55,37,26.4,37.9,69.7,23,,221.7,6.17,13,0.11,19.2,38,92.2,0.097,0.486,5
SuperString Pure Control V8 17,51,Medium,Polyester,1.2,1.3,7,9.1,11.5,25.62,39.6,28.2,36.2,61.7,21.8,,185.7,10.25,14.85,0.22,25.4,49.9,90.2,NA,NA,NA
SuperString Nikita Soft 16L,51,Medium,Polyester,1.25,1.27,4.2,6.1,7.9,26.28,38.7,28,39,65.3,22.9,,202.3,9.57,14.87,0.28,24.7,48.7,88.4,0.085,NA,0
Tecnifibre Black Code 17,51,Medium,Polyester,1.24,1.26,1.5,2.4,2.7,30.85,36.2,26,42.8,73.6,23.9,,256.6,7.36,12.51,0.29,20.1,39.7,89.5,0.118,0.5,4.2
Tecnifibre Pro Red Code 16,51,Medium,Polyester,1.3,NA,1.5,2.1,2.7,33.52,35.9,26,43.7,77.2,25.1,,261.7,6.5,10.7,0.22,17.4,34.3,88,0.078,0.384,4.9
Tecnifibre Polyspin 16L,51,Medium,Polyester,1.27,1.29,1.5,2.1,2.4,32.81,36.1,26,43.2,75.9,24.7,,259.5,6.59,11.32,0.26,18.1,35.8,92.5,0.103,0.393,3.8
Tecnifibre E-Matrix 16,51,Medium,Nylon/Polyurethane,1.3,1.32,8.8,10.3,11.5,40.81,37.2,26.1,25.8,66.6,21.7,,154.3,5.64,4.27,0.02,9.9,19.6,95.8,0.142,0.384,2.7
Tecnifibre X-Code 16,51,Medium,Polyester,1.3,1.33,3,3.9,5.5,31.8,37.4,26.4,37,68.8,22.7,,215.5,6.46,12.46,0.09,19,37.5,91.4,0.21,0.416,2
Tecnifibre TGV 17/1.25,51,Medium,Nylon/Polyurethane,1.25,1.28,7.3,8.5,9.7,40.37,36.5,26,29.1,69.5,22.6,,174.3,5.25,5.1,-0.03,10.4,20.3,94.3,0.149,0.454,3
Tecnifibre Black Code 16,51,Medium,Polyester,1.28,1.31,1.5,2.4,2.7,32.26,35.6,25.9,43.7,75.9,24.6,,264.6,7.1,11.36,0.29,18.7,37,89.5,NA,NA,NA
Tecnifibre XR3 17,51,Medium,Nylon/Polyurethane,1.25,1.26,7,7.9,9.1,41.78,36.5,26,27.6,69.5,22.6,,166.3,4.34,4.6,-0.07,8.8,17.5,95.3,0.159,0.474,3
Tecnifibre Pro Red Code 17,51,Medium,Polyester,1.25,1.27,1.8,2.4,3.3,32.7,36,26,40.8,73.6,23.9,,245.7,6.55,11.47,0.22,18.3,36,90.8,0.092,0.439,4.8
Tecnifibre Black Code 18,51,Medium,Polyester,1.18,1.19,2.4,3,3.9,30.5,37.1,26.5,39.2,69.9,23.1,,228,7.5,12.72,0.29,20.5,40.4,90.4,0.104,0.474,4.6
Tecnifibre NRG2 16,51,Medium,Nylon,1.32,NA,7.3,7.9,9.1,41.7,36.9,26.3,28.7,70.3,23.2,,168.6,5.42,3.6,0.05,9,17.9,93.9,0.155,0.503,3.2
Tecnifibre Pro Mix 16,51,Medium,Nylon/Polyester,1.3,1.33,7.3,9.1,10.9,31.95,38.8,28,32.4,64.4,22.5,,168,7.06,11.71,0.13,19,37.3,93.1,0.169,0.432,2.6
Tecnifibre Black Code 4S 17 (1.25),51,Medium,Polyester,1.25,NA,2.1,3.3,3.9,36.87,36.3,27,41.5,78.3,26.4,13.1,230.9,4.85,9,0.16,14.1,27.6,93.1,0.067,0.658,9.8
Tecnifibre X-One Biphase 16,51,Medium,Nylon/Polyurethane,1.3,1.32,6.4,7.3,8.5,42.01,36.5,26,27.8,69.7,22.7,,166.9,5.14,3.57,0,8.8,17.2,96.6,0.314,0.502,1.6
Tecnifibre Razor Code 16 (1.30),51,Medium,Polyester,1.3,NA,1.5,2.7,3.3,34.55,35.3,27,45,79.6,26.8,15.5,251.5,5.36,10.81,0.15,16.3,32.2,91,0.09,0.376,4.2
Tecnifibre HDX Tour 16 (1.30),51,Medium,Nylon/Polyester,0,NA,5.8,6.7,7.6,45.07,36.5,26.4,26.5,71.7,23.6,12.4,154.3,2.71,2.94,0.02,5.7,11.2,95.6,0.143,0.616,4.3
Tecnifibre Duramix HD 17,51,Medium,Nylon/Polyester,1.25,1.28,NA,7,8.2,34.77,37.4,27,32.2,67,22.6,,180,6.2,9.75,0.04,15.9,31.5,93.1,0.231,0.391,1.7
Tecnifibre NRG2 18 (1.18),51,Medium,Nylon/Polyurethane,1.18,1.19,7.6,9.1,10,40.95,36.8,26,26.7,67.7,22,,160.6,5.14,4.63,0.03,9.7,19.3,95.8,0.198,0.514,2.6
Tecnifibre E-Matrix 17,51,Medium,Nylon,1.24,1.28,9.1,10,11.2,41.32,37,26,25.8,67.3,21.9,,154.9,5.56,3.84,0.02,9.5,18.6,96.8,0.152,0.359,2.4
Tecnifibre Pro Mix 17,51,Medium,Nylon/Polyester,1.25,1.28,6.1,7.6,8.8,33.6,38.1,27.1,32.4,66.2,22.3,,180.6,6.5,10.62,0.11,17.2,34,92,0.114,0.427,3.7
Tecnifibre X-One Biphase 18,51,Medium,Nylon,1.18,1.2,7.6,8.8,10,41.41,36.9,26,26.5,67.9,22.1,,158.3,4.7,4.61,0.02,9.3,18.4,96.8,0.224,0.365,1.6
Tecnifibre Duramix HD 16,51,Medium,Nylon/Polyester,1.3,1.33,7.3,9.1,10,33.65,37.9,27,31.8,65.3,22.1,,176,7.19,9.88,0.02,17.2,33.7,92.2,0.212,0.468,2.2
Tecnifibre XR3 16,51,Medium,Nylon/Polyurethane,1.3,NA,6.4,7.6,8.5,40.4,36.6,26.1,29.8,70.1,22.9,,177.7,5.56,4.76,0.05,10.4,20.4,95.5,0.161,0.465,2.9
Tecnifibre Multi-Feel 16,51,Medium,Nylon/Polyurethane,1.3,1.34,6.7,7.9,9.4,40.11,37.1,26.1,28.9,69,22.5,,172,6.15,4.46,-0.02,10.6,20.9,94.9,0.13,0.43,3.3
Tecnifibre TGV 16,51,Medium,Nylon/Polyurethane,1.3,1.35,7.6,9.1,10.6,38.41,37.3,26.4,28.7,67,22.1,,167.4,6.37,5.94,0,12.3,24.3,94.7,0.153,0.469,3.1
Tecnifibre NRG2 17/1.24,51,Medium,Nylon,1.24,1.27,6.4,7.6,8.5,43.28,36,25.9,27.6,71,22.9,,167.4,4.72,2.72,-0.03,7.5,14.6,96.2,0.135,0.475,3.5
Tecnifibre Multi-Feel 17 (1.25),51,Medium,Nylon/Polyurethane,1.25,1.26,8.2,9.1,10.3,40.33,36.8,26,27.8,68.1,22.1,,165.7,5.09,5.3,-0.04,10.4,20.4,94.1,0.16,0.418,2.6
Tecnifibre X-One Biphase 17,51,Medium,Nylon/Polyurethane,1.24,1.29,6.4,7.3,8.5,43.31,36,25.9,27.3,70.6,22.8,,165.2,4.34,3.07,-0.02,7.5,14.6,95.1,0.225,0.464,2.1
Tecnifibre Pro Red Code 18,51,Medium,Polyester,1.2,1.22,1.8,2.4,3,32.74,36.4,26,40.1,72.8,23.7,,240.6,7.01,10.97,0.24,18.3,35.9,90.1,0.084,0.417,5
Topspin Cyber Flash 17,51,Medium,Polyester,1.25,1.25,2.4,3.9,6.4,23.73,40.1,29,37.3,61.1,22.1,,180,7.85,19.14,0.31,27.3,53.8,89.5,0.103,0.43,4.2
Topspin Cyber Flash 17L,51,Medium,Polyester,1.2,1.19,2.7,4.2,7.6,21.34,41.6,30,35.1,56.4,21.2,,158.3,8.11,21.27,0.33,29.8,58.6,87.2,0.098,0.446,4.6
Topspin Cyber Flash 16,51,Medium,Polyester,1.3,1.3,1.8,3.3,4.5,27.63,38.2,27.8,37.9,65.5,22.8,,199.5,7.92,15.17,0.29,23.4,46.1,89.5,0.093,0.445,4.8
Topspin Cyber Blue 17,51,Medium,Polyester,1.25,NA,2.1,3.3,4.5,27.85,38.3,27.9,37.9,65.9,23,,198.3,7.76,15.11,0.24,23.2,45.6,90.1,0.09,0.457,5.1
Topspin Cyber Blue 16,51,Medium,Polyester,1.3,1.29,2.1,3,4.2,29.19,37.6,27,38.4,67.5,22.8,,213.7,7.39,14.14,0.19,21.8,42.8,90.2,0.079,0.456,5.8
Tourna Quasi-Gut 16,51,Medium,Nylon,1.3,1.35,7.3,8.5,9.7,38.61,37,26.1,28.4,67,21.9,,169.2,5.8,6.31,0.04,12.1,24,94.3,0.128,NA,0
Tourna Big Hitter Blue Rough 16,51,Medium,Polyester,1.3,1.27,2.4,3.6,4.8,30.47,36.5,26.1,41.2,71.7,23.4,,246.3,8.03,12.22,0.2,20.5,40.3,91.4,0.117,0.394,3.4
Tourna Big Hitter Blue 17,51,Medium,Polyester,1.25,1.26,1.8,2.4,3.3,32.81,36.5,26.1,41.7,74.5,24.3,,249.7,6.37,11.54,0.15,18.1,35.6,90.8,0.092,0.452,4.9
Tourna Big Hitter Blue Rough 17,51,Medium,Polyester,1.25,1.23,2.4,3.9,4.8,29.02,37.3,27,41.7,70.8,23.8,,233.2,8.25,13.45,0.24,21.8,43.3,90.4,0.128,0.412,3.2
Tourna Big Hitter 16,51,Medium,Polyester,1.3,1.33,1.5,2.4,3.3,31.02,36.2,26,42.6,73.6,23.9,,256,7.63,12.07,0.19,19.8,39.2,89.7,NA,NA,NA
Tourna Big Hitter Silver Rough 16,51,Medium,Polyester,1.3,1.29,2.1,3.9,5.2,28.42,37.4,27,41,69.5,23.4,,229.7,8.05,14.25,0.2,22.5,44.3,91.2,0.1,0.453,4.5
Tourna Big Hitter Black 7 17,51,Medium,Polyester,1.23,NA,2.1,3.3,4.8,29.48,38,27.2,35.7,65.3,22.2,11.3,196,4.96,16.28,0.22,21.4,42.3,90.2,0.088,0.552,6.3
Tourna Big Hitter Silver 17,51,Medium,Polyester,1.25,1.27,2.1,3.3,4.5,28.73,38.4,27.9,38.6,67.3,23.5,,201.2,7.32,14.67,0.33,22.3,44,89.9,0.083,0.446,5.4
Tourna Black Zone 16,51,Medium,Polyester,1.3,NA,1.5,2.4,3.3,36.25,36.2,26.4,38.8,75.2,24.8,12.2,226.3,4.15,10.32,0.13,14.6,28.8,92.5,0.075,0.417,5.6
Tourna Big Hitter Silver Rough 17,51,Medium,Polyester,1.25,1.22,3,4.2,5.2,29.83,37.4,27,39,69,23.3,,217.7,7.72,13.17,0.19,21.2,41.6,91,0.102,0.423,4.1
Tourna Irradiated 16,51,Medium,Nylon,1.33,1.34,7,8.2,9.4,39.16,37.2,26.3,29.8,69,22.7,,176,6.9,4.66,0.04,11.7,22.9,94.3,0.137,0.412,3
Tourna Big Hitter Blue 16,51,Medium,Polyester,1.3,1.31,1.5,2.4,3.3,32.19,36.1,26,42.1,74.3,24.1,,252.6,6.84,11.69,0.2,18.7,36.9,89.1,NA,NA,NA
Volkl Synthetic Gut 16,51,Medium,Nylon,1.3,1.3,7.6,9.4,10.6,40.79,36.2,26,29.5,70.3,22.8,,177.7,5.84,4.09,0.04,9.9,19.7,93.3,0.087,0.446,5.1
Volkl Cyclone 16,51,Medium,Polyester,1.3,1.3,2.1,3,4.5,27.06,38,27.7,40.6,67.5,23.4,,214.3,9.22,14.44,0.36,24,47.3,89.1,0.085,0.528,6.2
Volkl V-Pro 18,51,Medium,Polyester,1.18,1.18,2.1,3,3.9,34.35,36,26,39.2,73.6,23.9,,236,5.12,11.25,0.22,16.5,32.7,93.3,0.087,0.429,4.9
Volkl Gripper 16,51,Medium,Nylon,1.3,1.31,7.6,8.8,11.5,39.91,37,26.1,28,67.9,22.1,,166.9,6.04,4.77,0.09,10.8,21.5,97,NA,NA,NA
Volkl Power-Fiber II 18,51,Medium,Nylon,1.18,1.21,8.2,9.4,10.6,39.93,36.8,26,27.8,67.7,22,,166.9,6.2,4.59,0.09,10.8,21.4,97.8,0.138,0.401,2.9
Volkl Synthetic Gut 17,51,Medium,Nylon,1.25,1.28,7.9,9.4,10.6,39.82,36.8,26,28.4,68.4,22.2,,170.9,6.39,4.51,0.06,11,21.6,95.1,0.082,0.43,5.2
Volkl Cyclone 17,51,Medium,Polyester,1.25,1.24,2.4,4.2,5.5,26.9,38.1,27.6,39.2,66.2,22.8,,208.6,8.36,15.46,0.31,24,47.6,89.7,0.084,0.488,5.8
Volkl V-Star 16 (1.30),51,Medium,Polyester,1.3,NA,2.4,4.2,6.1,23.73,39.9,29.6,40.1,63.9,23.7,10.7,185.7,8.49,18.5,0.47,27.3,54.1,87.2,0.073,0.501,6.9
Volkl V-Pro 16,51,Medium,Polyester,1.28,1.28,1.5,2.7,3.9,31.27,35.9,26,43,74.3,24.1,,258.3,7.7,11.75,0.22,19.6,38.8,89.9,0.087,0.437,5
Volkl Power-Fiber II 17,51,Medium,Nylon,1.25,1.28,7.3,8.5,9.7,41.12,36.6,26,28.2,69.2,22.5,,169.2,5.42,4.18,0.04,9.7,19,91.4,0.15,0.403,2.7
Volkl Cyclone 19 (1.10),51,Medium,Polyester,1.1,NA,2.4,3.3,4.5,34.46,37.1,27.7,36.4,70.8,24.5,11.8,192,4.61,11.65,0.22,16.5,32.5,92.2,0.071,0.582,8.2
Volkl Cyclone 18,51,Medium,Polyester,1.2,1.21,3.3,4.2,5.8,26.77,38.4,27.8,38.4,65.3,22.7,,201.2,8.31,15.64,0.31,24.3,47.8,88.7,0.082,0.58,7.1
Volkl Power-Fiber II 16,51,Medium,Nylon,1.32,1.31,7.6,8.8,9.7,40.46,36.8,26,28.7,69.2,22.5,,172,5.87,4.39,0.09,10.4,20.4,94.1,0.126,0.405,3.2
Volkl V-Pro 17,51,Medium,Polyester,1.23,1.23,2.7,4.2,5.5,27.03,38.3,27.7,39,66.2,22.9,,206.9,8.2,15.49,0.28,24,47.3,90.1,0.084,0.432,5.1
Volkl Cyclone Tour 17 (1.25),51,Medium,Polyester,1.25,NA,2.4,4.8,7,24.63,39.1,28.1,38.6,63.3,22.2,11.1,199.5,7.12,18.97,0.46,26.5,52.3,88.7,0.078,0.472,6.1
Volkl V-Torque 16,51,Medium,Polyester,1.28,NA,4.5,7,8.8,26.11,37.4,27.9,36.6,62.6,21.8,11.7,190.3,7.23,17.38,0.2,24.7,48.9,91.2,0.087,0.487,5.6
Volkl Gripper 17,51,Medium,Nylon,1.25,1.31,8.8,10.3,11.2,38.65,38.1,27,26.2,65,21.9,,146.9,6.95,5.12,0.08,12.1,24,94.5,0.085,0.373,4.4
Weiss Cannon Silverstring 120,51,Medium,Polyester,1.2,NA,2.7,4.2,5.5,25.75,39.7,29,37.9,63.7,23.1,,183.5,8.62,16.35,0.3,25.4,49.8,89.5,0.107,0.397,3.7
Weiss Cannon Turbotwist 17L (1.18),51,Medium,Polyester,1.18,1.26,2.7,4.5,5.8,26.46,38.3,27.7,41.9,68.4,23.7,,221.2,9.33,14.93,0,24.3,47.8,89.5,0.085,0.406,4.8
Weiss Cannon Black 5 Edge 17 (1.24),51,Medium,Polyester,1.24,NA,2.1,3.3,4.5,34.53,35.5,26,39.7,74.3,24.1,12.3,238.9,5.29,10.9,0.13,16.3,32.2,92.2,0.095,0.448,4.7
Weiss Cannon Turbotwist 17 (1.24),51,Medium,Polyester,1.24,1.25,2.1,3.6,4.8,26.26,37.9,27.8,42.6,68.8,23.9,,224,9.48,14.98,0.29,24.7,48.8,89.1,0.097,0.412,4.2
Weiss Cannon Scorpion 1.22,51,Medium,Polyester,1.22,1.22,2.4,3.9,4.5,28.8,38,28,39.9,68.8,24,,208,8.51,13.41,0.22,22.1,43.7,90.2,0.097,0.385,4
Weiss Cannon Silverstring 1.25,51,Medium,Polyester,1.25,1.26,2.4,3.9,5.2,29.11,37.6,27.2,40.4,69.5,23.6,,222.9,8.29,13.32,0.25,21.8,43.1,91,0.108,0.407,3.8
Weiss Cannon Explosiv 1.30,51,Medium,Nylon,1.3,38,8.5,10,NA,38.17,38.1,27.1,27.1,65.3,22.1,,150.3,5.93,6.62,0.02,12.6,24.8,94.3,0.105,0.424,4
Weiss Cannon MatchPower 1.25,51,Medium,Polyester,1.25,1.26,1.5,2.1,2.7,31.69,36.4,26.3,43.2,75,24.6,,255.5,7.17,11.86,0.18,19.2,37.9,90.6,0.108,0.389,3.6
Weiss Cannon Scorpion 1.33,51,Medium,Polyester,1.33,1.35,1.5,2.7,3.6,27.03,37.1,26.9,44.1,71.2,23.9,,247.5,8.38,15.31,0.35,24,47.4,90.2,0.09,0.375,4.2
Wilson NXT Duramax 15 (1.40),51,Medium,Nylon,1.4,NA,6.1,7.3,8.5,42.8,36.3,26.3,29.8,72.5,23.9,12.3,175.5,4.08,3.84,0.11,7.9,15.8,95.8,0.089,0.398,4.5
Wilson NXT Tour 17,51,Medium,Nylon,1.26,1.3,6.1,7.3,8.2,41.67,36.2,26,29.3,71,23.1,,176.6,4.94,4.11,-0.05,9,17.7,93.1,0.119,0.425,3.6
Wilson NXT Control 16 (1.32),51,Medium,Nylon/Polyester,1.32,1.33,6.4,8.5,10,35.26,37.5,26.9,30.9,66.2,22.3,,173.7,6.22,9.24,0,15.4,30.5,93.1,0.149,0.454,3
Wilson SGX 16,51,Medium,Nylon,1.3,1.31,8.5,9.4,11.2,41.34,36.3,26,27.8,69,22.5,,166.9,5.62,3.76,0,9.3,18.5,97.4,0.124,0.379,3.1
Wilson Hollow Core 16,51,Medium,Nylon,1.33,1.33,103.6,8.2,9.7,34,38.4,27.3,30.6,64.8,22.1,,167.4,6.84,9.88,0.13,16.8,33.2,94.1,0.151,0.501,3.3
Wilson Enduro Pro 16,51,Medium,Polyester,1.3,NA,NA,2.4,3,32.77,36.4,26.1,42.1,75,24.4,,252,6.57,11.38,0.2,18.1,35.8,90.6,0.086,0.403,4.7
Wilson Hollow Core Pro 17,51,Medium,Nylon,1.27,1.3,5.8,7.6,9.4,33.91,38.7,28,30.4,64.4,22.5,,158.3,6.04,10.77,0.11,17,33.3,93.7,0.133,0.515,3.9
Wilson K-Gut Pro 16,51,Medium,Nylon,1.33,1.32,6.1,7.6,8.5,41.63,36.4,26,30.6,72.3,23.5,,184,5.53,3.56,-0.04,9,17.8,94.5,0.234,0.374,1.6
Wilson Enduro Tour 16,51,Medium,Polyester,1.3,1.3,0.9,2.1,3,32.06,35.6,25.7,44.8,76.7,24.6,,276,7.28,11.38,0.18,18.7,37.1,90.1,0.079,0.414,5.2
Wilson Sensation Supreme 16,51,Medium,Nylon,1.3,1.32,7.6,9.1,10.3,36.87,38.4,28,29.3,66.2,23.1,,152,6.84,7.01,0.07,13.9,27.4,94.5,0.157,0.476,3
Wilson Revolve 17 (1.25),51,Medium,Polyester,1.25,NA,1.8,3.6,4.5,32.85,37.1,27.8,38.8,71.7,24.9,12.2,204.6,5.95,11.92,0.15,18.1,35.5,92.5,0.066,0.507,7.7
Wilson Ripspin 17,51,Medium,Polyester,1.25,NA,2.1,3.6,4.5,32.13,36.9,27.2,41.7,73.9,25.1,11.8,229.2,5.38,13.21,0.31,19,37.3,91.6,0.081,0.425,5.2
Wilson Enduro Pro 17 (1.25),51,Medium,Nylon/Polyester,1.25,1.27,1.8,2.4,3.3,34.42,35.7,25.9,40.6,75,24.2,,246.3,6.02,10.28,0.15,16.5,32.4,91.8,0.094,0.374,4
Wilson Red Alert 16,51,Medium,Nylon,1.32,1.36,6.7,8.2,9.1,41.15,35.6,25.5,32.2,73.2,23.4,,200.6,6.39,3.18,0.07,9.7,19,93.9,0.137,0.409,3
Wilson NXT OS,51,Medium,Nylon,1.28,1.33,6.4,7.3,8.5,41.5,36.5,26,29.3,70.8,23,,176,5.56,3.66,0,9.3,18.2,95.3,0.181,0.459,2.5
Wilson Enduro Gold 16,51,Medium,Polyester,1.3,1.29,1.5,2.4,3.3,27.41,37.6,27.7,43.4,71,24.6,,230.3,8.33,14.98,0.27,23.6,46.5,89.3,NA,NA,NA
Wilson Synthetic Gut Extreme 17,51,Medium,Nylon,1.25,1.26,7.6,8.5,9.7,41.39,36.3,26,31.3,72.8,23.7,,188.6,5.95,3.38,0.02,9.3,18.4,94.7,0.131,0.361,2.8
Wilson NXT Max 16,51,Medium,Nylon,1.32,1.34,6.1,7,8.2,40.53,36.7,26.2,31.3,71.7,23.5,,185.2,5.98,4.21,0,10.1,20.1,94.1,0.206,0.521,2.5
Wilson Enduro Tour 18,51,Medium,Polyester,1.21,1.21,2.4,5.5,8.5,18.99,41.7,30,39.5,58.4,21.9,,178.3,11.49,20.24,0.38,32.2,63.3,85.2,NA,NA,NA
Wilson Sensation 17,51,Medium,Nylon,1.25,1.28,7,8.5,9.4,40.18,37.1,26.7,29.5,69.7,23.2,,168,5.69,4.85,-0.02,10.6,20.7,95.8,0.119,0.431,3.6
Wilson Reaction 16,51,Medium,Nylon,1.3,1.31,7.6,8.8,10,37.64,38.1,27.9,28.7,66.4,23.1,,150.3,6.17,6.91,0.07,13.2,25.9,94.9,0.177,0.424,2.4
Wilson Ripspin 15,51,Medium,Polyester,1.35,NA,1.5,2.7,3.9,30.14,37,27.1,43,73.2,24.8,11.8,238.9,6.24,14.34,0.26,20.7,41.1,91,0.081,0.4,4.9
Wilson Sensation 16,51,Medium,Nylon,1.3,1.34,7,8.5,NA,40.31,36.9,26.3,30.6,71,23.4,,179.5,6.88,3.53,0.09,10.6,20.7,95.1,0.117,0.414,3.5
Wilson Spin Cycle 16L,51,Medium,Polyester,1.27,NA,2.4,4.2,5.2,31.53,36.4,26.4,40.1,71.7,23.7,11.8,232.6,6.5,12.69,0.22,19.4,38.3,92,0.1,0.42,4.2
Wilson Natural Gut 17,51,Medium,Gut,1.25,NA,4.8,7.3,9.1,43.44,38.2,27,15,58.4,19.7,,83.4,5.47,1.81,0.07,7.3,14.5,98,0.173,0.386,2.2
Wilson Optimus 16 (1.30),51,Medium,Nylon,1.3,NA,8.5,9.7,11.2,39.98,37.7,27.9,27.8,67.7,23.6,11.8,144.6,4.52,6.22,0.2,11,21.6,95.3,0.116,0.42,3.6
Wilson Hollow Core Pro 16,51,Medium,Nylon,1.3,1.31,7.3,9.1,10.9,34.95,38.2,27.4,29.1,63.9,21.9,,157.7,6.57,9.2,0.07,15.9,31.2,93.3,0.19,0.417,2.2
Wilson NXT 16,51,Medium,Nylon,1.3,1.32,6.1,7,8.2,40.62,36.5,26,30.4,71,23.1,,182.9,5.03,5.07,-0.02,10.1,19.9,94.1,0.117,0.453,3.9
Wilson Shock Shield 16,51,Medium,Nylon,1.33,1.32,6.4,NA,9.7,34.66,37.8,27.1,30.4,65.3,22.1,,169.7,6,10.06,0.11,16.1,31.9,94.7,0.178,0.408,2.3
Wilson NXT Tour 16,51,Medium,Nylon,1.3,1.35,5.8,7,8.2,40.31,36.3,26,31.1,71.2,23.2,,186.9,6.33,4.08,0.05,10.4,20.6,93.7,0.122,0.466,3.8
Wilson Enduro Mono 16L,51,Medium,Polyester,1.28,1.32,1.5,2.7,3.3,30.21,36.5,26,44.3,74.5,24.3,,265.7,6.92,13.59,0.24,20.7,40.9,88.4,NA,NA,NA
Wilson K-Gut 16,51,Medium,Nylon,1.32,1.34,6.4,7.3,8.5,40.97,36.5,26.1,31.3,72.3,23.6,,186.3,5.69,4.06,0.02,9.7,19.3,96.8,0.108,0.475,4.4
Wilson NXT 17,51,Medium,Nylon,1.24,1.26,6.7,8.2,9.1,39.43,37.3,26.5,29.1,68.4,22.6,,168.6,5.27,6.02,0.05,11.2,22.3,98,0.248,0.493,2
Wilson Extreme 16 Synthetic Gut,51,Medium,Nylon,1.3,1.3,7,7.9,9.1,41.01,36.3,26,31.3,72.3,23.5,,187.5,6.28,3.43,0.02,9.7,19.2,96.2,0.135,0.429,3.2
Wilson Enduro Tour 17,51,Medium,Polyester,1.25,1.25,2.4,4.8,7.6,19.56,41.1,29.4,39.7,59.3,21.8,,186.3,11.09,20.07,0.42,31.5,62.3,85.7,0.086,0.414,4.8
Wilson Stamina 16,51,Medium,Nylon,1.32,1.32,6.4,7.6,8.5,40.33,36.4,26.1,32.9,73.2,23.8,,196,6.84,3.55,0.04,10.4,20.6,95.1,0.124,0.372,3
Wilson Natural Gut 16,51,Medium,Gut,1.3,1.31,4.5,6.4,8.5,42.6,37.7,26.2,16.5,59.1,19.4,,97.7,5.53,2.59,0.33,8.4,16.7,95.8,0.245,0.33,1.3
Wilson Ripspin 16,51,Medium,Polyester,1.3,NA,1.5,3,4.2,31.31,36.9,27.1,42.8,74.1,25.1,11.8,236.6,5.78,13.63,0.29,19.6,38.8,91.6,0.082,0.423,5.2
Y-Tex Quadro Twist 16L,51,Medium,Polyester,1.26,NA,2.4,4.5,6.1,26.88,38.5,28.2,40.1,67,23.6,11.1,205.2,8.82,15.02,0.29,24,47.6,90.6,0.069,0.425,6.2
Yonex Poly Tour Pro Yellow 16 (1.30),51,Medium,Polyester,1.3,1.32,2.1,2.7,3.6,28.6,37.7,27.2,38.1,66.8,22.7,,210.3,7.56,14.56,0.24,22.3,44.1,92.2,0.111,0.374,3.4
Yonex Poly Tour 130/16,51,Medium,Polyester,1.3,1.29,NA,2.3,3.5,26.2,37.7,27.9,44.5,70.6,24.6,,232.6,8.71,15.81,0.18,24.7,48.7,88.2,NA,NA,NA
Yonex Poly Tour Spin G 1.25,51,Medium,Polyester,1.25,NA,1.5,2.1,2.7,38.43,35.3,26.4,43.2,81.8,27,13.5,252,4.3,7.99,0.13,12.3,24.5,92.7,0.104,0.497,4.8
Yonex Poly Tour Pro Yellow 16L (1.25),51,Medium,Polyester,1.25,1.25,1.8,3,3.9,27.65,38.3,27.9,38.1,65.9,23,,198.9,7.08,15.99,0.2,23.4,45.9,90.8,NA,NA,NA
Yonex Tournament 80 Spin 15L-16,51,Medium,,1.33,1.41,8.8,10,11.2,40.04,37.2,26.8,29.5,69.7,23.4,,166.9,6.68,4,0.04,10.8,21.1,92.9,NA,0.451,NA
Yonex Tournament 50 16L,51,Medium,Nylon,1.27,NA,8.2,9.4,10.3,40.57,36.8,26.3,30,70.6,23.2,,176.6,5.95,4.2,0.06,10.1,20.1,94.7,NA,NA,NA